week,bias_meme,bias_mourning,bias_education,bias_marketing,bias_other,bias_noise
2026-W12,0.0,0.0,-0.06559481403035847,0.09059401174545101,0.0,-0.024999197715092583
2026-W13,0.0,-0.0685,0.04749999999999999,0.07750000000000001,-0.05149999999999999,-0.005000000000000001
2026-W14,-0.008084507042253521,0.015985915492957747,0.03273239436619718,-0.059352112676056334,-0.005112676056338028,0.023830985915492955
2026-W15,0.0037777777777777757,0.005111111111111108,0.008555555555555566,-0.04877777777777775,0.029777777777777792,0.001555555555555553
2026-W16,0.010588235294117648,-0.011647058823529413,0.018705882352941183,0.014823529411764735,-0.027647058823529413,-0.004823529411764706
2026-W17,0.002,-0.008666666666666663,0.020666666666666667,-0.028000000000000025,-0.007333333333333331,0.02133333333333333
2026-W18,0.0,-0.002333333333333326,-0.0016666666666666496,0.02300000000000002,0.00633333333333333,-0.025333333333333326
2026-W19,-0.0004782608695652196,0.03252173913043478,-0.025391304347826077,-0.06078260869565216,-0.01191304347826086,0.06604347826086956
2026-W20,-0.18058823529411766,0.016588235294117647,0.0853529411764706,0.0822941176470588,0.04158823529411764,-0.04523529411764707
2026-W21,-0.05411111111111111,0.019555555555555555,-0.0004444444444444487,0.026444444444444437,0.013777777777777774,-0.005222222222222222
2026-W22,0.04332558139534881,-0.026511627906976743,-0.004511627906976741,-0.005790697674418616,-0.0032558139534883714,-0.0032558139534883714
