week,total_exposures,exposure_meme,exposure_mourning,exposure_education,exposure_marketing,exposure_other,exposure_noise,exposure_share_meme,exposure_share_mourning,exposure_share_education,exposure_share_marketing,exposure_share_other,exposure_share_noise
2026-W12,1000,0,0,51,831,0,118,0.0,0.0,0.051,0.831,0.0,0.118
2026-W13,1000,0,100,59,813,0,28,0.0,0.1,0.059,0.813,0.0,0.028
2026-W14,1000,0,183,159,541,84,33,0.0,0.183,0.159,0.541,0.084,0.033
2026-W15,1000,8,249,225,323,163,32,0.008,0.249,0.225,0.323,0.163,0.032
2026-W16,1000,17,269,242,255,176,41,0.017,0.269,0.242,0.255,0.176,0.041
2026-W17,1000,18,288,208,244,202,40,0.018,0.288,0.208,0.244,0.202,0.04
2026-W18,1000,14,199,191,270,277,49,0.014,0.199,0.191,0.27,0.277,0.049
2026-W19,1000,0,175,166,261,343,55,0.0,0.175,0.166,0.261,0.343,0.055
2026-W20,1000,20,100,223,334,258,65,0.02,0.1,0.223,0.334,0.258,0.065
2026-W21,1000,141,66,222,388,81,102,0.141,0.066,0.222,0.388,0.081,0.102
2026-W22,1000,437,33,152,276,37,65,0.437,0.033,0.152,0.276,0.037,0.065
