arm,week,anchored_formal_mean,lag1_formal_mean,lag1_shifted_back_one_week_mean
interest,2026-W12,27.333333333333332,22.333333333333332,22.0
interest,2026-W13,39.0,22.0,27.666666666666668
interest,2026-W14,33.0,27.666666666666668,30.0
interest,2026-W15,24.333333333333332,30.0,24.0
interest,2026-W16,20.333333333333332,24.0,17.0
interest,2026-W17,13.666666666666666,17.0,13.666666666666666
interest,2026-W18,8.333333333333334,13.666666666666666,6.666666666666667
interest,2026-W19,5.333333333333333,6.666666666666667,5.666666666666667
interest,2026-W20,15.0,5.666666666666667,13.333333333333334
interest,2026-W21,22.666666666666668,13.333333333333334,21.666666666666668
interest,2026-W22,20.666666666666668,21.666666666666668,
random,2026-W12,27.0,23.0,19.666666666666668
random,2026-W13,36.666666666666664,19.666666666666668,24.666666666666668
random,2026-W14,30.666666666666668,24.666666666666668,23.0
random,2026-W15,27.333333333333332,23.0,16.333333333333332
random,2026-W16,17.333333333333332,16.333333333333332,15.333333333333334
random,2026-W17,13.333333333333334,15.333333333333334,15.0
random,2026-W18,9.333333333333334,15.0,9.666666666666666
random,2026-W19,7.666666666666667,9.666666666666666,7.0
random,2026-W20,7.0,7.0,5.666666666666667
random,2026-W21,6.333333333333333,5.666666666666667,6.666666666666667
random,2026-W22,6.0,6.666666666666667,
