ID	DOI	中文译名	英文原题	源URL	状态	格式	字节数	页数	题名匹配率	SHA256	本地文件	说明
A01	10.1007/s11023-017-9445-2	信息时代死亡的政治经济学：对数字来生产业的批判性研究	The Political Economy of Death in the Age of Information: A Critical Approach to the Digital Afterlife Industry	http://link.springer.com/content/pdf/10.1007/s11023-017-9445-2.pdf	verified_downloaded	PDF	1131086	24	1.00	b0e63e8d73fe14b7904fd5401975fc5906a007daf8cbebdb89e674539097e783	文献全文/正文/A01_2017_信息时代死亡的政治经济学：对数字来生产业的批判性研究__The Political Economy of Death in the Age of Information A Critical Approach to the Digital Afterlife Ind….pdf	开放获取出版版正文；题名与PDF文本匹配；未下载补充材料
A02	10.5210/fm.v19i6.4998	死亡与互联网：数字来生的含义	Death and the Internet: The implications of the digital afterlife	https://doi.org/10.5210/fm.v19i6.4998	downloaded_needs_review		4997			3bf39b3efafa259c91d3a1bc7e5cee1e3eac4530bc5f8261df01ab8cf36f74e3	文献全文/需人工复核/A02_2014_死亡与互联网：数字来生的含义__Death and the Internet The implications of the digital afterlife.bin	返回内容既非PDF也非HTML
A03	10.1080/01972243.2013.777311	数字遗存：社交媒体与网络悲伤实践	The Digital Remains: Social Media and Practices of Online Grief	https://repository.upenn.edu/bitstreams/15d5289f-43c7-43db-94dc-f19b966cb10c/download	verified_downloaded	PDF	113384	20	1.00	20ca76c8dab2bf161dc769fd72fc5a9babe1e1b5117edd862ca84e676d2c5369	文献全文/正文/A03_2013_数字遗存：社交媒体与网络悲伤实践__The Digital Remains Social Media and Practices of Online Grief.pdf	题名与PDF文本匹配
A04	10.1080/03906701.2021.1947951	“让#hellobrother上热搜”：媒介化暴力的数字与情感来生的方法反思	‘#hellobrother needs to trend’: methodological reflections on the digital and emotional afterlife of mediated violence	https://www.tandfonline.com/doi/pdf/10.1080/03906701.2021.1947951?needAccess=true	download_failed							curl: (56) The requested URL returned error: 403
A05	10.1177/00302228251319834	从哀悼到疗愈：中国社交媒体中与陌生人的持续性连结	From Mourning to Healing: Continuing Bonds With Strangers in Chinese Social Media	https://journals.sagepub.com/doi/pdf/10.1177/00302228251319834?download=true	download_failed							curl: (56) The requested URL returned error: 403
A06	10.1177/13678779231213990	#MournHub与@GrieveWatch：数字时代君主制与哀悼的媒介化	#MournHub and @GrieveWatch: Mediating monarchy and mourning in the digital age	https://eprints.lancs.ac.uk/id/eprint/208744/1/_MournHub_and_GrieveWatch_FINAL_version.pdf	verified_downloaded	PDF	558694	20	1.00	2ef01669106717ef0c90fc321bcdd6110513631d3367cee2d63499d9fdf71ace	文献全文/正文/A06_2024_#MournHub与@GrieveWatch：数字时代君主制与哀悼的媒介化__#MournHub and @GrieveWatch Mediating monarchy and mourning in the digital age.pdf	题名与PDF文本匹配
A07	10.1080/08838151.2012.705197	“天堂没有WiFi！”：Facebook纪念页上的可见性协商	“There Isn't Wifi in Heaven!” Negotiating Visibility on Facebook Memorial Pages	https://www.tandfonline.com/doi/pdf/10.1080/08838151.2012.705197?download=true	download_failed							curl: (56) The requested URL returned error: 403
A08	10.1080/0048721X.2011.553138	天使而非灵魂：英国名人杰德·古迪网络哀悼中的大众宗教	Angels not souls: popular religion in the online mourning for British celebrity Jade Goody	https://purehost.bath.ac.uk/ws/files/249752/Walter_Religion_2011_41_1_29.pdf	verified_downloaded	PDF	197411	23	1.00	37b911286798a2de6e3d4024131b709fc98cc2af331fe14a8fe48b63ba223fb6	文献全文/正文/A08_2011_天使而非灵魂：英国名人杰德·古迪网络哀悼中的大众宗教__Angels not souls popular religion in the online mourning for British celebrity Jade Goody.pdf	题名与PDF文本匹配
A09	10.1371/journal.pone.0336134	情绪的网络传播：名人自杀后社交媒体转发动力研究	Online propagation of emotions: A study of resharing dynamics on social media following celebrity suicides	https://journals.plos.org/plosone/article/file?id=10.1371/journal.pone.0336134&type=printable	verified_downloaded	PDF	1215836	27	1.00	5b51548bdbba5c7a740f7bb4f10800b3b724ba2a0926748c17a06c10e8241d3d	文献全文/正文/A09_2025_情绪的网络传播：名人自杀后社交媒体转发动力研究__Online propagation of emotions A study of resharing dynamics on social media following celebrity suicides.pdf	题名与PDF文本匹配
A10	10.1177/14614448221096768	何时才是记忆的合适时机？社交媒体回忆、时间性与恰当时机	When is the right time to remember? Social media memories, temporality and the kairologic	https://eprints.whiterose.ac.uk/id/eprint/204020/1/jacobsen_2022_when_is_the_right_time_to_remember_social_media_memories_temporality_and_the_kairologic.pdf	verified_downloaded	PDF	277900	18	1.00	c18c6f9db0f04870212d868b4cdacb0db73a1f0970e8a4db4676d52c3f0d2175	文献全文/正文/A10_2024_何时才是记忆的合适时机？社交媒体回忆、时间性与恰当时机__When is the right time to remember Social media memories, temporality and the kairologic.pdf	题名与PDF文本匹配
A11	10.1017/mem.2024.8	算法生成的记忆：通过感知挹取实现自动纪念	Algorithmically generated memories: automated remembrance through appropriated perception	https://www.cambridge.org/core/services/aop-cambridge-core/content/view/99142EF526EEF3FEBE6ACF9CC91B7502/S2635023824000080a.pdf/div-class-title-algorithmically-generated-memories-automated-remembrance-through-appropriated-perception-div.pdf	verified_downloaded	PDF	151869	15	1.00	09af2ee5cd089a94e0df2aef5d22c1288405c072fcced233b762cfc83718f952	文献全文/正文/A11_2024_算法生成的记忆：通过感知挹取实现自动纪念__Algorithmically generated memories automated remembrance through appropriated perception.pdf	题名与PDF文本匹配
A12	10.1017/mem.2024.18	社会记忆如何在社交媒体上运作：一个方法论框架	How social memory works on social media: A methodological framework	https://www.cambridge.org/core/services/aop-cambridge-core/content/view/57CC8FE3831C79B935FD63C6FC25DD44/S2635023824000183a.pdf/div-class-title-how-social-memory-works-on-social-media-a-methodological-framework-div.pdf	verified_downloaded	PDF	755466	23	1.00	948321322449b196f6d8866b5a88daf1ce57dbb61d2bfa73b7a5baf56e456bfb	文献全文/正文/A12_2024_社会记忆如何在社交媒体上运作：一个方法论框架__How social memory works on social media A methodological framework.pdf	题名与PDF文本匹配
B01	10.1080/1369118X.2018.1444076	不要把责任归给算法：多个推荐系统及其对内容多样性影响的实证评估	Do not blame it on the algorithm: an empirical assessment of multiple recommender systems and their impact on content diversity	https://pure.uva.nl/ws/files/23265204/Do_not_blame_it_on_the_algorithm.pdf	verified_downloaded	PDF	1917017	19	1.00	93f28da91f9b0e2ea2b7db8ba0b1d8cfe4ab3dce49facef0608090e47899434d	文献全文/正文/B01_2018_不要把责任归给算法：多个推荐系统及其对内容多样性影响的实证评…__Do not blame it on the algorithm an empirical assessment of multiple recommender systems and their impact….pdf	题名与PDF文本匹配
B02	10.17645/mac.v9i4.4184	“接下来播什么？”：跨议题、跨时间调查YouTube算法推荐	What’s “Up Next”? Investigating Algorithmic Recommendations on YouTube Across Issues and Over Time	https://eprints.qut.edu.au/226319/1/MaC_9_4_What_s_Up_Next_Investigating_Algorithmic_Recommendations_on_YouTube_Across_Issues_and_Over_Time.pdf	verified_downloaded	PDF	2694523	17	1.00	afdc22d21f6c9ce57db0cb40321bea2ed721aa9865c17624c9e0396b8284d77e	文献全文/正文/B02_2021_“接下来播什么？”：跨议题、跨时间调查YouTube算法推荐__What’s “Up Next” Investigating Algorithmic Recommendations on YouTube Across Issues and Over Time.pdf	题名与PDF文本匹配
B03	10.1007/s13278-024-01343-5	偏差之下：分析YouTube算法推荐中的漂移	The bias beneath: analyzing drift in YouTube’s algorithmic recommendations	https://link.springer.com/content/pdf/10.1007/s13278-024-01343-5.pdf	verified_downloaded	PDF	6729800	42	1.00	77335e41e5779dff0338371ec4ea3eb5f4cb6c934f582bb0eb8d0741b7f9638f	文献全文/正文/B03_2024_偏差之下：分析YouTube算法推荐中的漂移__The bias beneath analyzing drift in YouTube’s algorithmic recommendations.pdf	开放获取出版版正文；题名与PDF文本匹配；未下载补充材料
B04	10.1177/1461444819854731	通过算法传闻管理YouTube可见性	Managing visibility on YouTube through algorithmic gossip	https://kclpure.kcl.ac.uk/ws/files/139130145/Managing_visibility_on_YouTube_BISHOP_Acc14_May2019Epub15Jun2019_GREEN_AAM.pdf	verified_downloaded	PDF	297472	18	1.00	28f7affde107b2c4ac2b96c4d87c1e6f41da5f0206478bdddb5a0f9b7fa4f5e4	文献全文/正文/B04_2019_通过算法传闻管理YouTube可见性__Managing visibility on YouTube through algorithmic gossip.pdf	题名与PDF文本匹配
B05	10.1038/s41598-023-43980-4	Twitter推荐系统的众包审计	Crowdsourced audit of Twitter’s recommender systems	https://www.nature.com/articles/s41598-023-43980-4.pdf	verified_downloaded	PDF	1611764	8	1.00	59d801f803fbd05ad37da02ce18b637d034e6c63ad4de0d46e42246c86f5b413	文献全文/正文/B05_2023_Twitter推荐系统的众包审计__Crowdsourced audit of Twitter’s recommender systems.pdf	题名与PDF文本匹配
B06	10.1093/joc/jqac047	建模新闻推荐系统对选择性曝光的条件效应：两项在线实验的证据	Modeling news recommender systems’ conditional effects on selective exposure: evidence from two online experiments	https://academic.oup.com/joc/advance-article-pdf/doi/10.1093/joc/jqac047/48410183/jqac047.pdf	download_failed							curl: (56) The requested URL returned error: 403
B07	10.1177/17456916231180809	理解在线信息消费中人与算法纠缠的挑战	Challenges in Understanding Human-Algorithm Entanglement During Online Information Consumption	https://europepmc.org/articles/PMC11373152?pdf=render	verified_downloaded	PDF	471598	9	1.00	dab601680ecffe48ab04542a95e6dd4b755e47f0374158029d8268ef0cff9b54	文献全文/正文/B07_2024_理解在线信息消费中人与算法纠缠的挑战__Challenges in Understanding Human-Algorithm Entanglement During Online Information Consumption.pdf	题名与PDF文本匹配
B08	10.1177/17456916231185057	数字媒体中的社会驱动因素与算法机制	Social Drivers and Algorithmic Mechanisms on Digital Media	https://europepmc.org/articles/PMC11373151?pdf=render	verified_downloaded	PDF	593204	14	1.00	1aae1b05d78ff28bff4d3aa42a4af1363486aceaf927414df1957cd8664e43a1	文献全文/正文/B08_2024_数字媒体中的社会驱动因素与算法机制__Social Drivers and Algorithmic Mechanisms on Digital Media.pdf	题名与PDF文本匹配
B09	10.1145/3531146.3533213	谁来审计审计者？算法审计生态系统实地扫描的建议	Who Audits the Auditors? Recommendations from a field scan of the algorithmic auditing ecosystem	https://arxiv.org/pdf/2310.02521	verified_downloaded	PDF	1082406	20	1.00	b0faf6b6855f8f1f6d961200ec808f17c2ebe7196256f3953178ae82139cc84b	文献全文/正文/B09_2022_谁来审计审计者？算法审计生态系统实地扫描的建议__Who Audits the Auditors Recommendations from a field scan of the algorithmic auditing ecosystem.pdf	题名与PDF文本匹配
B10	10.1145/3479577	日常算法审计：理解普通用户揭示有害算法行为的力量	Everyday Algorithm Auditing: Understanding the Power of Everyday Users in Surfacing Harmful Algorithmic Behaviors	https://arxiv.org/pdf/2105.02980	verified_downloaded	PDF	1083813	29	1.00	c2fc7742e6642fa65d0659a6929b7057cfff956b6e48b37db272d7ab03cdf2d1	文献全文/正文/B10_2021_日常算法审计：理解普通用户揭示有害算法行为的力量__Everyday Algorithm Auditing Understanding the Power of Everyday Users in Surfacing Harmful Algorithmic Be….pdf	题名与PDF文本匹配
B11	10.1145/3491102.3517441	走向用户驱动的算法审计：调查用户发现有害算法行为的策略	Toward User-Driven Algorithm Auditing: Investigating users’ strategies for uncovering harmful algorithmic behavior	https://dl.acm.org/doi/pdf/10.1145/3491102.3517441	download_failed							curl: (56) The requested URL returned error: 403
B12	10.1145/3485447.3512102	TikTok个性化因素的实证调查	An Empirical Investigation of Personalization Factors on TikTok	https://arxiv.org/pdf/2201.12271	verified_downloaded	PDF	2263536	12	1.00	e04d2fa6aec39256ce5210c8a4d30dff7d79923c71c09e9eb088c12c8f55e0a1	文献全文/正文/B12_2022_TikTok个性化因素的实证调查__An Empirical Investigation of Personalization Factors on TikTok.pdf	题名与PDF文本匹配
B13	10.1145/3589334.3645600	TikTok个性化艺术：调查社交媒体信息流中的探索与利用	TikTok and the Art of Personalization: Investigating Exploration and Exploitation on Social Media Feeds	https://repository.tudelft.nl/file/File_67e21b92-6996-4983-8b23-b17ec21e7d31	verified_downloaded	PDF	1518105	10	1.00	cd3b583abcc9efb88146cd08a9d58d6f16647063b11f093796477abaf3c36d3f	文献全文/正文/B13_2024_TikTok个性化艺术：调查社交媒体信息流中的探索与利用__TikTok and the Art of Personalization Investigating Exploration and Exploitation on Social Media Feeds.pdf	题名与PDF文本匹配
B14	10.1609/icwsm.v18i1.31376	审计社交媒体信息流的算法解释：TikTok视频解释案例研究	Auditing Algorithmic Explanations of Social Media Feeds: A Case Study of TikTok Video Explanations	https://ojs.aaai.org/index.php/ICWSM/article/download/31376/33536	verified_downloaded	PDF	364849	13	1.00	892ef0f1ead718210f24ba067c71839fffe3b286eb92a5c6c6a010b5dc96fdc3	文献全文/正文/B14_2024_审计社交媒体信息流的算法解释：TikTok视频解释案例研究__Auditing Algorithmic Explanations of Social Media Feeds A Case Study of TikTok Video Explanations.pdf	题名与PDF文本匹配
B15	10.1145/3447535.3462512	讨好算法：关于用户对TikTok算法假设的混合方法研究	Trick and Please. A Mixed-Method Study On User Assumptions About the TikTok Algorithm	https://dl.acm.org/doi/pdf/10.1145/3447535.3462512	download_failed							curl: (56) The requested URL returned error: 403
B16	10.1177/1461444818815684	参与可见性游戏：数字网红与算法如何协商影响力	Playing the visibility game: How digital influencers and algorithms negotiate influence on Instagram		oa_url_unavailable							开放线索错配，待定向补检
B17	10.5334/csci.140	映射TikTok网红：注意力经济与可见性劳动	Mapping Internet Celebrity on TikTok: Exploring Attention Economies and Visibility Labours	https://www.sciendo.com/pdf/10.5334/csci.140	verified_downloaded	PDF	4702765	27	1.00	1234d11fe995b30f431654f37b2bec156653dbbd9dbf46411f4c008934478261	文献全文/正文/B17_2020_映射TikTok网红：注意力经济与可见性劳动__Mapping Internet Celebrity on TikTok Exploring Attention Economies and Visibility Labours.pdf	题名与PDF文本匹配
B18	10.1038/s41598-023-33370-1	短视频平台的回声室效应	Echo chamber effects on short video platforms	https://www.nature.com/articles/s41598-023-33370-1.pdf	verified_downloaded	PDF	4847439	17	1.00	bdbb49d3ce7b73049358292ea4df5a33fd0fd8a94d9734e57bf197cbbbac2d0e	文献全文/正文/B18_2023_短视频平台的回声室效应__Echo chamber effects on short video platforms.pdf	题名与PDF文本匹配
B19	10.1073/pnas.2025334119	Twitter上的政治内容算法放大	Algorithmic Amplification of Politics on Twitter	https://pmc.ncbi.nlm.nih.gov/articles/PMC8740571/	verified_downloaded	HTML	166967		1.00	4628a07ec5eb0d852faee6de2a994b2bcad193c92afbba23bc2874eb617f5d9b	文献全文/正文/B19_2022_Twitter上的政治内容算法放大__Algorithmic Amplification of Politics on Twitter.html	PMC开放获取的期刊正文HTML；页面仅保留SI链接，未下载SI附件；已替换含合并SI的arXiv版
B20	10.1145/3351095.3372879	审计YouTube上的激进化路径	Auditing radicalization pathways on YouTube	https://arxiv.org/pdf/1908.08313	verified_downloaded	PDF	3256695	19	1.00	6eefa5b4c1f08755404a9686872fe3b979373f825b8933bac2d93cb391c41f6b	文献全文/正文/B20_2020_审计YouTube上的激进化路径__Auditing radicalization pathways on YouTube.pdf	题名与PDF文本匹配
C01	10.1057/9781137029317_6	社交媒体中作为身份认同资源的语篇化与符号再语境化	Entextualization and resemiotization as resources for identification in social media	http://urn.fi/URN:NBN:fi:jyu-201501151116	download_failed							curl: (56) The requested URL returned error: 403
C02	10.1080/10584609.2019.1686094	设计出的虚假信息：媒体操纵运动中证据拼贴与平台过滤的使用	Disinformation by Design: The Use of Evidence Collages and Platform Filtering in a Media Manipulation Campaign	https://www.tandfonline.com/doi/pdf/10.1080/10584609.2019.1686094?needAccess=true	download_failed							curl: (56) The requested URL returned error: 403
C03	10.1080/10584609.2019.1674979	一图能写千个谎言？社交媒体多模态虚假信息及其反驳的效果与机制	A Picture Paints a Thousand Lies? The Effects and Mechanisms of Multimodal Disinformation and Rebuttals Disseminated via Social Media	https://pure.uva.nl/ws/files/59795344/10584609.2019.pdf	verified_downloaded	PDF	1041136	22	1.00	5e917dcefedae919237d5681af1131adde350b6eab72fc9805f7e269ac8d0302	文献全文/正文/C03_2020_一图能写千个谎言？社交媒体多模态虚假信息及其反驳的效果与机制__A Picture Paints a Thousand Lies The Effects and Mechanisms of Multimodal Disinformation and Rebuttals Di….pdf	题名与PDF文本匹配
C04	10.1177/10776990211035395	视觉错误与虚假信息、社交媒体与民主	Visual Mis- and Disinformation, Social Media, and Democracy	https://pure.uva.nl/ws/files/63476354/10776990211035395.pdf	verified_downloaded	PDF	362012	24	1.00	b94a69d0c6bd1c304d8634b2e7a0741d643885126465f07ec4e1f00ce0322090	文献全文/正文/C04_2021_视觉错误与虚假信息、社交媒体与民主__Visual Mis- and Disinformation, Social Media, and Democracy.pdf	题名与PDF文本匹配
C05	10.1177/2056305116672884	社会性与分类：幽默迷因中的性别、种族与阶级解读	Sociality and Classification: Reading Gender, Race, and Class in a Humorous Meme	https://researchmgt.monash.edu/ws/files/229109140/226858822.pdf	verified_downloaded	PDF	511778	12	1.00	9a666c60c0834a41639b89213bd4d8897f69fe181862e70c1d2f65cd294380e2	文献全文/正文/C05_2016_社会性与分类：幽默迷因中的性别、种族与阶级解读__Sociality and Classification Reading Gender, Race, and Class in a Humorous Meme.pdf	题名与PDF文本匹配
D01	10.3389/fpsyg.2021.656365	基于社交媒体资料中不同价性自我披露的首印象形成	First Impression Formation Based on Valenced Self-Disclosure in Social Media Profiles	https://www.frontiersin.org/articles/10.3389/fpsyg.2021.656365/pdf	verified_downloaded	PDF	492047	11	0.88	76691bdddea78589de27404e2f1f42de3e54fe3aa2be0dc2a500b53406de75c5	文献全文/正文/D01_2021_基于社交媒体资料中不同价性自我披露的首印象形成__First Impression Formation Based on Valenced Self-Disclosure in Social Media Profiles.pdf	题名与PDF文本匹配
D02	10.1037/xge0000098	知识并不能防止错觉真理效应	Knowledge does not protect against illusory truth	https://doi.org/10.1037/xge0000098	downloaded_needs_review	HTML	8162		0.00	857735409e3e1833b94e889c43d2254d9886d0bf24be8532e39ec98035f820da	文献全文/需人工复核/D02_2015_知识并不能防止错觉真理效应__Knowledge does not protect against illusory truth.html	HTML可读文本过短，可能仅为摘要或登录页
D03	10.1037/xge0000465	先前曝光会提高对假新闻准确性的感知	Prior exposure increases perceived accuracy of fake news	https://pmc.ncbi.nlm.nih.gov/articles/PMC6279465	verified_downloaded	HTML	253332		1.00	db2e668b2a895bb2398157b4ae6a82ff1e2268050bd1a7cc65994c3c717532a0	文献全文/正文/D03_2018_先前曝光会提高对假新闻准确性的感知__Prior exposure increases perceived accuracy of fake news.html	题名与HTML全文候选匹配
D04	10.1186/s41235-021-00301-5	重复频率对错觉真理效应的影响	The effects of repetition frequency on the illusory truth effect	https://europepmc.org/articles/PMC8116821?pdf=render	verified_downloaded	PDF	1191786	12	1.00	82b966a0a220ceed3c9c52c61bacb28f05f9fa1bf1d4a06743331443b29e7bc7	文献全文/正文/D04_2021_重复频率对错觉真理效应的影响__The effects of repetition frequency on the illusory truth effect.pdf	题名与PDF文本匹配
D05	10.1186/s41235-020-00251-4	对陈述和模拟社交媒体帖文真实性的感知：来源可信度、重复曝光与呈现形式的实验研究	Perceived truth of statements and simulated social media postings: an experimental investigation of source credibility, repeated exposure, and presentation format	https://europepmc.org/articles/PMC7656226?pdf=render	verified_downloaded	PDF	1796283	16	1.00	7ff49c192565605ce9f2c0090b872391b1083d64c83de9dc3bd550721e906685	文献全文/正文/D05_2020_对陈述和模拟社交媒体帖文真实性的感知：来源可信度、重复曝光与…__Perceived truth of statements and simulated social media postings an experimental investigation of source….pdf	题名与PDF文本匹配
D06	10.1016/j.cognition.2023.105421	错觉真理效应会导致错误信息的传播	The illusory truth effect leads to the spread of misinformation	https://europepmc.org/articles/PMC10636596?pdf=render	verified_downloaded	PDF	2061626	7	1.00	58fc724c538290f2db9678168db3bb07d0b19b20d56509404ea4d7199a24c446	文献全文/正文/D06_2023_错觉真理效应会导致错误信息的传播__The illusory truth effect leads to the spread of misinformation.pdf	题名与PDF文本匹配
