salience_slots,arm,mourning_posts,education_posts,marketing_posts,other_posts,meme_posts,total_posts,status
0.0,interest,1.0,6.3333,13.3333,0.0,0.0,20.6667,no_event_utility_adjustment
0.0,random,0.6667,7.0,13.0,0.0,0.0,20.6667,no_event_utility_adjustment
0.5,interest,3.0,6.3333,13.3333,0.0,0.0,22.6667,sensitivity_only
0.5,random,1.0,7.0,13.0,0.0,0.0,21.0,sensitivity_only
1.0,interest,8.0,6.3333,13.3333,0.0,0.0,27.6667,sensitivity_only
1.0,random,1.3333,7.0,13.0,0.0,0.0,21.3333,sensitivity_only
1.5,interest,12.0,6.3333,13.3333,0.0,0.0,31.6667,sensitivity_only
1.5,random,2.0,7.0,13.0,0.0,0.0,22.0,sensitivity_only
2.0,interest,19.0,6.3333,13.3333,0.0,0.0,38.6667,sensitivity_only
2.0,random,7.0,7.0,13.0,0.0,0.0,27.0,sensitivity_only
3.0,interest,22.0,6.3333,13.3333,0.0,0.0,41.6667,sensitivity_only
3.0,random,15.6667,7.0,13.0,0.0,0.0,35.6667,sensitivity_only
5.0,interest,22.0,6.3333,13.3333,0.0,0.0,41.6667,withdrawn_config_value
5.0,random,22.0,7.0,13.0,0.0,0.0,42.0,withdrawn_config_value
