arm,week,week_num,supply_share_meme_mean,supply_share_meme_min,supply_share_meme_max,supply_share_meme_std,exposure_share_meme_mean,exposure_share_meme_min,exposure_share_meme_max,exposure_share_meme_std,meme_spoke_rate_mean,meme_spoke_rate_min,meme_spoke_rate_max,meme_spoke_rate_std,bias_meme_mean,bias_meme_min,bias_meme_max,bias_meme_std,supply_share_mourning_mean,supply_share_mourning_min,supply_share_mourning_max,supply_share_mourning_std,exposure_share_mourning_mean,exposure_share_mourning_min,exposure_share_mourning_max,exposure_share_mourning_std,total_supply_mean,total_supply_min,total_supply_max,total_supply_std,benchmark_meme_share,benchmark_mourning_share
interest,2026-W12,12,0.0,0.0,0.0,0.0,0.0,0.0,0.0,0.0,0.0,0.0,0.0,0.0,0.0,0.0,0.0,0.0,0.0,0.0,0.0,0.0,0.0,0.0,0.0,0.0,39.333333333333336,39,40,0.5773502691896247,0.0,0.0
interest,2026-W13,13,0.0,0.0,0.0,0.0,0.0,0.0,0.0,0.0,0.0,0.0,0.0,0.0,0.0,0.0,0.0,0.0,0.05042735042735036,0.0444444444444444,0.0555555555555555,0.005604648311369222,0.10000000000000002,0.1,0.1,0.0,40.0,36,45,4.58257569495584,0.0135185185185185,0.4364814814814815
interest,2026-W14,14,0.0,0.0,0.0,0.0,0.0,0.0,0.0,0.0,0.0,0.0,0.0,0.0,0.0,0.0,0.0,0.0,0.36622251870096695,0.3275862068965517,0.421875,0.04939389278471975,0.16866666666666666,0.153,0.183,0.01504437879519568,61.666666666666664,58,64,3.214550253664319,0.018585960065302,0.18171543388170278
interest,2026-W15,15,0.016676088185415466,0.0163934426229508,0.0172413793103448,0.0004895564747226848,0.008666666666666666,0.007,0.011,0.0020816659994661317,0.0,0.0,0.0,0.0,-0.0080094215187488,-0.0102413793103448,-0.0053934426229508,0.00244667666184144,0.3162803843979649,0.293103448275862,0.360655737704918,0.038442913783088194,0.25,0.222,0.279,0.02851315485876651,60.0,58,61,1.7320508075688772,0.0313459009206488,0.1613327487943884
interest,2026-W16,16,0.02087452310557277,0.0196078431372549,0.0217391304347826,0.0011210901799098073,0.019,0.017,0.023,0.0034641016151377535,0.0,0.0,0.0,0.0,-0.0018745231055728,-0.0042765957446808,0.0012608695652173,0.002840633594153053,0.24269164958613723,0.2340425531914893,0.2549019607843137,0.010876139454721425,0.279,0.229,0.339,0.05567764362830024,48.0,46,51,2.6457513110645907,0.0227675931401537,0.1466587817859254
interest,2026-W17,17,0.025652271704903265,0.025,0.0263157894736842,0.0006579668230458814,0.021,0.018,0.024,0.003,0.0,0.0,0.0,0.0,-0.004652271704903266,-0.0083157894736842,-0.001,0.0036579077026739877,0.22144624381466482,0.1842105263157894,0.275,0.04754356868067005,0.2976666666666667,0.284,0.321,0.02030599254735739,39.0,38,40,1.0,0.023765996343692797,0.1293418647166362
interest,2026-W18,18,0.0,0.0,0.0,0.0,0.013,0.007,0.018,0.0055677643628300215,0.0,0.0,0.0,0.0,0.013,0.007,0.018,0.0055677643628300215,0.13112563112563105,0.1153846153846153,0.1428571428571428,0.014168346171443805,0.227,0.199,0.262,0.03207802986469088,32.666666666666664,26,37,5.859465277082316,0.028169014084507,0.1011523687580025
interest,2026-W19,19,0.0,0.0,0.0,0.0,0.0,0.0,0.0,0.0,0.0,0.0,0.0,0.0,0.0,0.0,0.0,0.0,0.1086064659977703,0.08,0.1304347826086956,0.0258915875532843,0.17800000000000002,0.162,0.197,0.017691806012954142,24.666666666666668,23,26,1.5275252316519463,0.0857495373226403,0.0857495373226403
interest,2026-W20,20,0.042464781595216335,0.0384615384615384,0.0454545454545454,0.003604981536806013,0.023000000000000003,0.02,0.025,0.0026457513110645903,0.0,0.0,0.0,0.0,-0.01946478159521633,-0.0234782608695652,-0.0144615384615384,0.004589122478075588,0.042464781595216335,0.0384615384615384,0.0454545454545454,0.003604981536806013,0.10666666666666667,0.1,0.12,0.01154700538379251,23.666666666666668,22,26,2.081665999466133,0.3473818646232439,0.0757769263516389
interest,2026-W21,21,0.45760368663594475,0.3870967741935484,0.5,0.06147714156321089,0.149,0.141,0.154,0.007000000000000006,0.4912280701754386,0.3157894736842105,0.5789473684210527,0.151934281365691,-0.3086036866359447,-0.348,-0.2460967741935484,0.054741590219503394,0.030080419264479935,0.0285714285714285,0.032258064516129,0.0019321349166762337,0.056,0.036,0.066,0.017320508075688777,33.333333333333336,31,35,2.0816659994661335,0.5880159124813525,0.1116360019890601
interest,2026-W22,22,0.7014792345429353,0.6956521739130435,0.7111111111111111,0.008402508736479594,0.4726666666666666,0.437,0.496,0.03137408697210699,0.9649122807017544,0.8947368421052632,1.0,0.06077371254627641,-0.22881256787626855,-0.2741111111111111,-0.2016744186046511,0.03948567508595385,0.044811444406995436,0.0434782608695652,0.0465116279069767,0.001549627576322131,0.03966666666666666,0.033,0.046,0.006506407098647709,44.666666666666664,43,46,1.5275252316519468,0.630383711824589,0.0728269381362568
random,2026-W12,12,0.0,0.0,0.0,0.0,0.0,0.0,0.0,0.0,0.0,0.0,0.0,0.0,0.0,0.0,0.0,0.0,0.0,0.0,0.0,0.0,0.0,0.0,0.0,0.0,40.0,39,41,1.0,0.0,0.0
random,2026-W13,13,0.0,0.0,0.0,0.0,0.0,0.0,0.0,0.0,0.0,0.0,0.0,0.0,0.0,0.0,0.0,0.0,0.03511203511203507,0.027027027027027,0.0512820512820512,0.01400364478283912,0.017333333333333333,0.011,0.023,0.006027713773341707,37.666666666666664,37,39,1.154700538379251,0.0135185185185185,0.4364814814814815
random,2026-W14,14,0.0,0.0,0.0,0.0,0.0,0.0,0.0,0.0,0.0,0.0,0.0,0.0,0.0,0.0,0.0,0.0,0.34635199108883313,0.3214285714285714,0.3684210526315789,0.02362591464051766,0.1376666666666667,0.136,0.139,0.001527525231651945,58.666666666666664,56,63,3.7859388972001833,0.018585960065302,0.18171543388170278
random,2026-W15,15,0.018872404092529833,0.0185185185185185,0.0192307692307692,0.0003561464855184756,0.004,0.002,0.007,0.0026457513110645908,0.0,0.0,0.0,0.0,-0.014872404092529832,-0.0172307692307692,-0.0118679245283018,0.002739183037750245,0.24487089895894923,0.2075471698113207,0.2962962962962963,0.04602439187280195,0.15933333333333333,0.141,0.179,0.019035055380358976,53.0,52,54,1.0,0.0313459009206488,0.1613327487943884
random,2026-W16,16,0.033392963625521695,0.0232558139534883,0.0512820512820512,0.01553823997709645,0.010666666666666666,0.01,0.011,0.0005773502691896253,0.0175438596491228,0.0,0.0526315789473684,0.030386856273138186,-0.022726296958855034,-0.0412820512820512,-0.0122558139534883,0.016113948075369398,0.19717749950308092,0.1794871794871795,0.2325581395348837,0.030640533069693904,0.17866666666666667,0.148,0.197,0.026727015047201465,40.333333333333336,39,43,2.3094010767585034,0.0227675931401537,0.1466587817859254
random,2026-W17,17,0.03519948519948517,0.027027027027027,0.05,0.012840861450961203,0.014333333333333332,0.01,0.022,0.006658328118479393,0.0175438596491228,0.0,0.0526315789473684,0.030386856273138182,-0.020866151866151834,-0.039,-0.0065714285714285,0.0165516531159966,0.15099742599742597,0.1351351351351351,0.175,0.021142374981928325,0.18433333333333335,0.169,0.202,0.01662327685305557,37.333333333333336,35,40,2.516611478423584,0.023765996343692797,0.1293418647166362
random,2026-W18,18,0.028571428571428567,0.0,0.0857142857142857,0.04948716593053935,0.016,0.013,0.018,0.0026457513110645908,0.0526315789473684,0.0,0.1578947368421052,0.09116056881941456,-0.012571428571428567,-0.0677142857142857,0.017,0.047796977105337556,0.16799758015728974,0.131578947368421,0.2,0.03442364468490648,0.17200000000000001,0.164,0.183,0.009848857801796089,34.0,29,38,4.58257569495584,0.028169014084507,0.1011523687580025
random,2026-W19,19,0.0,0.0,0.0,0.0,0.016666666666666666,0.008,0.025,0.008504900548115384,0.0,0.0,0.0,0.0,0.016666666666666666,0.008,0.025,0.008504900548115384,0.2029469136399542,0.1739130434782608,0.2413793103448276,0.03470120339577356,0.17600000000000002,0.159,0.202,0.022869193252058537,27.666666666666668,23,31,4.163331998932265,0.0857495373226403,0.0857495373226403
random,2026-W20,20,0.053376068376068335,0.0384615384615384,0.08,0.023112626701430293,0.018333333333333333,0.011,0.031,0.011015141094572203,0.0175438596491228,0.0,0.0526315789473684,0.030386856273138182,-0.035042735042735,-0.049,-0.0254615384615384,0.012364354965926388,0.08064102564102564,0.04,0.125,0.04262179438974822,0.17433333333333334,0.165,0.188,0.01209683154108269,25.0,24,26,1.0,0.3473818646232439,0.0757769263516389
random,2026-W21,21,0.24715099715099717,0.2222222222222222,0.2692307692307692,0.023633418836235126,0.03133333333333333,0.023,0.037,0.007371114795831994,0.0175438596491228,0.0,0.0526315789473684,0.030386856273138186,-0.2158176638176638,-0.2352307692307692,-0.1992222222222222,0.018168882366802686,0.07704178537511863,0.0416666666666666,0.1153846153846153,0.03694847051733386,0.17966666666666664,0.177,0.183,0.0030550504633038923,25.666666666666668,24,27,1.5275252316519465,0.5880159124813525,0.1116360019890601
random,2026-W22,22,0.48271889400921664,0.4642857142857143,0.5,0.017884993889700475,0.057,0.048,0.068,0.010148891565092221,0.0701754385964912,0.0,0.1052631578947368,0.06077371254627637,-0.42571889400921664,-0.452,-0.4092857142857143,0.022997038719034277,0.11321044546850996,0.0967741935483871,0.1428571428571428,0.025725404882250027,0.16666666666666666,0.146,0.181,0.018339392937971887,29.666666666666668,28,31,1.5275252316519472,0.630383711824589,0.0728269381362568
