doi	title	authors	year	venue	publisher	crossref	openalex	semantic_scholar	doi_resolution	is_oa	oa_status	oa_pdf	oa_landing	cited_by_count
10.1007/s11023-017-9445-2	The Political Economy of Death in the Age of Information: A Critical Approach to the Digital Afterlife Industry	Carl Öhman; Luciano Floridi	2017	Minds and Machines	Springer Science and Business Media LLC	matched	matched	matched	resolved	True	hybrid	https://link.springer.com/content/pdf/10.1007%2Fs11023-017-9445-2.pdf	https://doi.org/10.1007/s11023-017-9445-2	161
10.5210/fm.v19i6.4998	Death and the Internet: The implications of the digital afterlife	Nicola Wright	2014	First Monday	University of Illinois Libraries	matched	matched	matched	resolved	True	diamond	https://doi.org/10.5210/fm.v19i6.4998	https://doi.org/10.5210/fm.v19i6.4998	38
10.1080/13614568.2014.983562	Socially shared mourning: construction and consumption of collective memory	Anu Harju	2015	New Review of Hypermedia and Multimedia	Informa UK Limited	matched	matched	matched	resolved_restricted	False	closed			68
10.1080/01972243.2013.777311	The Digital Remains: Social Media and Practices of Online Grief	Jessa Lingel	2013	The Information Society	Informa UK Limited	matched	matched	matched	resolved_restricted	True	green	https://repository.upenn.edu/bitstreams/15d5289f-43c7-43db-94dc-f19b966cb10c/download	https://repository.upenn.edu/asc_papers/594	103
10.1177/14614448211035769	Conceptualizing social media sub-platforms: The case of mourning and memorialization practices on Facebook	Sarit Navon; Chaim Noy	2023	New Media &amp; Society	SAGE Publications	matched	matched	matched	resolved_restricted	False	closed			27
10.1177/0270467613516753	Virtual Mourning and Memory Construction on Facebook	Rhonda N. McEwen; Kathleen Scheaffer	2013	Bulletin of Science, Technology &amp; Society	SAGE Publications	matched	matched	matched	resolved_restricted	False	closed			29
10.1080/03906701.2021.1947951	‘#hellobrother needs to trend’: methodological reflections on the digital and emotional afterlife of mediated violence	Anu A. Harju; Jukka Huhtamäki	2021	International Review of Sociology	Informa UK Limited	matched	matched	matched	resolved_restricted	True	hybrid	https://www.tandfonline.com/doi/pdf/10.1080/03906701.2021.1947951?needAccess=true	https://doi.org/10.1080/03906701.2021.1947951	18
10.1007/978-3-030-11485-5_9	Digital Mourning Labor: Corporate Use of Dead Celebrities on Social Media	Magdalena Kania-Lundholm	2019	Death Matters	Springer International Publishing	matched	matched	matched	resolved	False	closed			5
10.1515/9783110431575-015	Digital Afterlife: Ex-Yugoslav Pop Culture Icons and Social Media	Martin Pogačar	2016	Post-Yugoslav Constellations	De Gruyter	matched	matched	matched	resolved	False	closed			4
10.1177/00302228251319834	From Mourning to Healing: Continuing Bonds With Strangers in Chinese Social Media	Anqi Hu; Hong Jiang	2025	OMEGA - Journal of Death and Dying	SAGE Publications	matched	matched	matched	resolved_restricted	True	bronze	https://journals.sagepub.com/doi/pdf/10.1177/00302228251319834?download=true	https://doi.org/10.1177/00302228251319834	3
10.1177/13678779231213990	#MournHub and @GrieveWatch: Mediating monarchy and mourning in the digital age	Laura Clancy	2024	International Journal of Cultural Studies	SAGE Publications	matched	matched	matched	resolved_restricted	True	hybrid	https://doi.org/10.1177/13678779231213990	https://doi.org/10.1177/13678779231213990	5
10.1080/08838151.2012.705197	“There Isn't Wifi in Heaven!” Negotiating Visibility on Facebook Memorial Pages	Alice Marwick; Nicole B. Ellison	2012	Journal of Broadcasting &amp; Electronic Media	Informa UK Limited	matched	matched	matched	resolved_restricted	True	bronze	https://www.tandfonline.com/doi/pdf/10.1080/08838151.2012.705197?download=true	https://doi.org/10.1080/08838151.2012.705197	193
10.1080/19392397.2013.872361	When a celebrity dies …Social identity, uses of social media, and the mourning process among fans: the case of Michael Jackson	Didier Courbet; Marie-Pierre Fourquet-Courbet	2014	Celebrity Studies	Informa UK Limited	matched	matched	matched	resolved_restricted	False	closed			37
10.1177/00302228211014775	Global Mediatized Death and Emotion: Parasocial Grieving—Mourning #stephenhawking on Twitter	Najma Akhther; Dinah A. Tetteh	2023	OMEGA - Journal of Death and Dying	SAGE Publications	matched	matched	matched	resolved_restricted	False	closed			27
10.1080/0048721x.2011.553138	Angels not souls: popular religion in the online mourning for British celebrity Jade Goody	Tony Walter	2011	Religion	Informa UK Limited	matched	matched	matched	resolved_restricted	True	green	https://purehost.bath.ac.uk/ws/files/249752/Walter_Religion_2011_41_1_29.pdf	https://researchportal.bath.ac.uk/en/publications/7c6c67e6-b10f-4732-b942-c249e185ce68	45
10.1371/journal.pone.0336134	Online propagation of emotions: A study of resharing dynamics on social media following celebrity suicides	Ehsan Nouri; Nilesh Saraf; Jie Mein Goh; Srabana Dasgupta; Dianne Cyr	2025	PLOS One	Public Library of Science (PLoS)	matched	matched	matched	resolved	True	gold	https://journals.plos.org/plosone/article/file?id=10.1371/journal.pone.0336134&type=printable	https://doi.org/10.1371/journal.pone.0336134	1
10.1177/14614448221096768	When is the right time to remember? Social media memories, temporality and the kairologic	Benjamin N Jacobsen	2024	New Media &amp; Society	SAGE Publications	matched	matched	matched	resolved_restricted	True	hybrid	https://doi.org/10.1177/14614448221096768	https://doi.org/10.1177/14614448221096768	14
10.1017/mem.2024.8	Algorithmically generated memories: automated remembrance through appropriated perception	Ellen Emilie Henriksen	2024	Memory, Mind &amp; Media	Cambridge University Press (CUP)	matched	matched	matched	resolved	True	diamond	https://www.cambridge.org/core/services/aop-cambridge-core/content/view/99142EF526EEF3FEBE6ACF9CC91B7502/S2635023824000080a.pdf/div-class-title-algorithmically-generated-memories-automated-remembrance-through-appropriated-perception-div.pdf	https://doi.org/10.1017/mem.2024.8	4
10.1017/mem.2024.18	How social memory works on social media: A methodological framework	Anat Ben-David; Oren Meyers; Motti Neiger	2024	Memory, Mind &amp; Media	Cambridge University Press (CUP)	matched	matched	matched	resolved	True	diamond	https://www.cambridge.org/core/services/aop-cambridge-core/content/view/57CC8FE3831C79B935FD63C6FC25DD44/S2635023824000183a.pdf/div-class-title-how-social-memory-works-on-social-media-a-methodological-framework-div.pdf	https://doi.org/10.1017/mem.2024.18	8
10.1080/1369118x.2018.1444076	Do not blame it on the algorithm: an empirical assessment of multiple recommender systems and their impact on content diversity	Judith Möller; Damian Trilling; Natali Helberger; Bram van Es	2018	Information, Communication &amp; Society	Informa UK Limited	matched	matched	matched	resolved_restricted	True	hybrid	https://www.tandfonline.com/doi/pdf/10.1080/1369118X.2018.1444076?needAccess=true	https://doi.org/10.1080/1369118x.2018.1444076	380
10.17645/mac.v9i4.4184	What’s “Up Next”? Investigating Algorithmic Recommendations on YouTube Across Issues and Over Time	Ariadna Matamoros-Fernández; Joanne E. Gray; Louisa Bartolo; Jean Burgess; Nicolas Suzor	2021	Media and Communication	Cogitatio	matched	matched	unmatched	resolved	True	gold	https://www.cogitatiopress.com/mediaandcommunication/article/download/4184/4184	https://doi.org/10.17645/mac.v9i4.4184	37
10.1007/s13278-024-01343-5	The bias beneath: analyzing drift in YouTube’s algorithmic recommendations	Mert Can Cakmak; Nitin Agarwal; Remi Oni	2024	Social Network Analysis and Mining	Springer Science and Business Media LLC	matched	matched	matched	resolved	True	hybrid	https://link.springer.com/content/pdf/10.1007/s13278-024-01343-5.pdf	https://doi.org/10.1007/s13278-024-01343-5	23
10.1177/1461444819854731	Managing visibility on YouTube through algorithmic gossip	Sophie Bishop	2019	New Media &amp; Society	SAGE Publications	matched	matched	matched	resolved_restricted	True	green	https://kclpure.kcl.ac.uk/ws/files/139130145/Managing_visibility_on_YouTube_BISHOP_Acc14_May2019Epub15Jun2019_GREEN_AAM.pdf	http://www.scopus.com/inward/record.url?scp=85067891293&partnerID=8YFLogxK	495
10.1038/s41598-023-43980-4	Crowdsourced audit of Twitter’s recommender systems	Paul Bouchaud; David Chavalarias; Maziyar Panahi	2023	Scientific Reports	Springer Science and Business Media LLC	matched	matched	matched	resolved	True	gold	https://www.nature.com/articles/s41598-023-43980-4.pdf	https://doi.org/10.1038/s41598-023-43980-4	17
10.1093/joc/jqac047	Modeling news recommender systems’ conditional effects on selective exposure: evidence from two online experiments	Erik Knudsen	2023	Journal of Communication	Oxford University Press (OUP)	matched	matched	matched	resolved_restricted	True	hybrid	https://academic.oup.com/joc/advance-article-pdf/doi/10.1093/joc/jqac047/48410183/jqac047.pdf	https://doi.org/10.1093/joc/jqac047	20
10.1177/17456916231180809	Challenges in Understanding Human-Algorithm Entanglement During Online Information Consumption	Stephan Lewandowsky; Ronald E. Robertson; Renee DiResta	2024	Perspectives on Psychological Science	SAGE Publications	matched	matched	matched	resolved_restricted	True	hybrid	https://journals.sagepub.com/doi/pdf/10.1177/17456916231180809	https://doi.org/10.1177/17456916231180809	16
10.1177/17456916231185057	Social Drivers and Algorithmic Mechanisms on Digital Media	Hannah Metzler; David Garcia	2024	Perspectives on Psychological Science	SAGE Publications	matched	matched	matched	resolved_restricted	True	hybrid	https://journals.sagepub.com/doi/pdf/10.1177/17456916231185057	https://doi.org/10.1177/17456916231185057	153
10.1145/3531146.3533213	Who Audits the Auditors? Recommendations from a field scan of the algorithmic auditing ecosystem	Sasha Costanza-Chock; Inioluwa Deborah Raji; Joy Buolamwini	2022	2022 ACM Conference on Fairness Accountability and Transparency	ACM	matched	matched	matched	resolved_restricted	True	green	https://arxiv.org/pdf/2310.02521	http://arxiv.org/abs/2310.02521	175
10.1145/3479577	Everyday Algorithm Auditing: Understanding the Power of Everyday Users in Surfacing Harmful Algorithmic Behaviors	Hong Shen; Alicia DeVos; Motahhare Eslami; Kenneth Holstein	2021	Proceedings of the ACM on Human-Computer Interaction	Association for Computing Machinery (ACM)	matched	matched	matched	resolved_restricted	True	bronze	https://dl.acm.org/doi/pdf/10.1145/3479577	https://doi.org/10.1145/3479577	149
10.1145/3491102.3517441	Toward User-Driven Algorithm Auditing: Investigating users’ strategies for uncovering harmful algorithmic behavior	Alicia DeVos; Aditi Dhabalia; Hong Shen; Kenneth Holstein; Motahhare Eslami	2022	CHI Conference on Human Factors in Computing Systems	ACM	matched	matched	matched	resolved_restricted	True	hybrid	https://dl.acm.org/doi/pdf/10.1145/3491102.3517441	https://doi.org/10.1145/3491102.3517441	96
10.1145/3485447.3512102	An Empirical Investigation of Personalization Factors on TikTok	Maximilian Boeker; Aleksandra Urman	2022	Proceedings of the ACM Web Conference 2022	ACM	matched	matched	matched	resolved_restricted	True	green	https://arxiv.org/pdf/2201.12271	http://arxiv.org/abs/2201.12271	103
10.1145/3589334.3645600	TikTok and the Art of Personalization: Investigating Exploration and Exploitation on Social Media Feeds	Karan Vombatkere; Sepehr Mousavi; Savvas Zannettou; Franziska Roesner; Krishna P. Gummadi	2024	Proceedings of the ACM Web Conference 2024	ACM	matched	matched	matched	resolved_restricted	True	gold	https://doi.org/10.1145/3589334.3645600	https://doi.org/10.1145/3589334.3645600	28
10.1177/08944393231225547	How Algorithms Promote Self-Radicalization: Audit of TikTok’s Algorithm Using a Reverse Engineering Method	Donghee Shin; Kulsawasd Jitkajornwanich	2024	Social Science Computer Review	SAGE Publications	matched	matched	matched	resolved_restricted	False	closed			43
10.1609/icwsm.v18i1.31376	Auditing Algorithmic Explanations of Social Media Feeds: A Case Study of TikTok Video Explanations	Sepehr Mousavi; Krishna P. Gummadi; Savvas Zannettou	2024	Proceedings of the International AAAI Conference on Web and Social Media	Association for the Advancement of Artificial Intelligence (AAAI)	matched	matched	matched	resolved	True	diamond	https://ojs.aaai.org/index.php/ICWSM/article/download/31376/33536	https://doi.org/10.1609/icwsm.v18i1.31376	9
10.1145/3447535.3462512	Trick and Please. A Mixed-Method Study On User Assumptions About the TikTok Algorithm	Daniel Klug; Yiluo Qin; Morgan Evans; Geoff Kaufman	2021	13th ACM Web Science Conference 2021	ACM	matched	matched	matched	resolved_restricted	True	gold	https://dl.acm.org/doi/pdf/10.1145/3447535.3462512	https://doi.org/10.1145/3447535.3462512	191
10.1145/3476046	Algorithmic Folk Theories and Identity: How TikTok Users Co-Produce Knowledge of Identity and Engage in Algorithmic Resistance	Nadia Karizat; Dan Delmonaco; Motahhare Eslami; Nazanin Andalibi	2021	Proceedings of the ACM on Human-Computer Interaction	Association for Computing Machinery (ACM)	matched	matched	matched	resolved_restricted	False	closed			322
10.1177/1461444818815684	Playing the visibility game: How digital influencers and algorithms negotiate influence on Instagram	Kelley Cotter	2019	New Media &amp; Society	SAGE Publications	matched	matched	matched	resolved_restricted	True	green	https://repositorio.ufba.br/bitstream/ri/36633/1/COMO%20O%20USO%20INSTAGRAM%20ALTERA%20O%20TRABALHO%20DOS%20TATUADORES%20PROFISSIONAIS%20-%20Helen%20Fernandes%20de%20Sousa.pdf	https://repositorio.ufba.br/handle/ri/36633	934
10.5334/csci.140	Mapping Internet Celebrity on TikTok: Exploring Attention Economies and Visibility Labours	Crystal Abidin	2020	Cultural Science Journal	Walter de Gruyter GmbH	matched	matched	matched	resolved_restricted	True	diamond	https://www.sciendo.com/pdf/10.5334/csci.140	https://doi.org/10.5334/csci.140	526
10.1038/s41598-023-33370-1	Echo chamber effects on short video platforms	Yichang Gao; Fengming Liu; Lei Gao	2023	Scientific Reports	Springer Science and Business Media LLC	matched	matched	matched	resolved	True	gold	https://www.nature.com/articles/s41598-023-33370-1.pdf	https://doi.org/10.1038/s41598-023-33370-1	82
10.1073/pnas.2025334119	Algorithmic amplification of politics on Twitter	Ferenc Huszár; Sofia Ira Ktena; Conor O’Brien; Luca Belli; Andrew Schlaikjer; Moritz Hardt	2022	Proceedings of the National Academy of Sciences	National Academy of Sciences	matched	matched	matched	resolved_restricted	True	green	https://arxiv.org/pdf/2110.11010	http://arxiv.org/abs/2110.11010	396
10.1126/science.aaa1160	Exposure to ideologically diverse news and opinion on Facebook	Eytan Bakshy; Solomon Messing; Lada A. Adamic	2015	Science	American Association for the Advancement of Science (AAAS)	matched	matched	matched	resolved_restricted	False	closed			3245
10.1145/2702123.2702556	"I always assumed that I wasn't really that close to [her]"	Motahhare Eslami; Aimee Rickman; Kristen Vaccaro; Amirhossein Aleyasen; Andy Vuong; Karrie Karahalios; Kevin Hamilton; Christian Sandvig	2015	Proceedings of the 33rd Annual ACM Conference on Human Factors in Computing Systems	ACM	matched	matched	matched	resolved_restricted	False	closed			610
10.1145/3351095.3372879	Auditing radicalization pathways on YouTube	Manoel Horta Ribeiro; Raphael Ottoni; Robert West; Virgílio A. F. Almeida; Wagner Meira	2020	Proceedings of the 2020 Conference on Fairness, Accountability, and Transparency	ACM	matched	matched	matched	resolved_restricted	True	gold	https://dl.acm.org/action/downloadSupplement?doi=10.1145%2F3351095.3372879&file=p131-ribeiro-supp.pdf&download=true	https://doi.org/10.1145/3351095.3372879	48
10.1057/9781137029317_6	Entextualization and resemiotization as resources for identification in social media	Sirpa Leppänen; Samu Kytölä; Henna Jousmäki; Saija Peuronen; Elina Westinen	2014	The Language of Social Media	Palgrave Macmillan UK	matched	matched	matched	resolved	True	green	http://urn.fi/URN:NBN:fi:jyu-201501151116	http://urn.fi/URN:NBN:fi:jyu-201501151116	133
10.1080/10584609.2019.1686094	Disinformation by Design: The Use of Evidence Collages and Platform Filtering in a Media Manipulation Campaign	P. M. Krafft; Joan Donovan	2020	Political Communication	Informa UK Limited	matched	matched	matched	resolved_restricted	True	bronze	https://www.tandfonline.com/doi/pdf/10.1080/10584609.2019.1686094?needAccess=true	https://doi.org/10.1080/10584609.2019.1686094	181
10.1080/10584609.2019.1674979	A Picture Paints a Thousand Lies? The Effects and Mechanisms of Multimodal Disinformation and Rebuttals Disseminated via Social Media	Michael Hameleers; Thomas E. Powell; Toni G.L.A. Van Der Meer; Lieke Bos	2020	Political Communication	Informa UK Limited	matched	matched	matched	resolved_restricted	True	hybrid	https://www.tandfonline.com/doi/pdf/10.1080/10584609.2019.1674979?needAccess=true&	https://doi.org/10.1080/10584609.2019.1674979	265
10.1177/10776990211035395	Visual Mis- and Disinformation, Social Media, and Democracy	Viorela Dan; Britt Paris; Joan Donovan; Michael Hameleers; Jon Roozenbeek; Sander van der Linden; Christian von Sikorski	2021	Journalism &amp; Mass Communication Quarterly	SAGE Publications	matched	matched	matched	resolved_restricted	True	hybrid	https://journals.sagepub.com/doi/pdf/10.1177/10776990211035395	https://doi.org/10.1177/10776990211035395	135
10.1080/1369118x.2014.888458	Context collapse: theorizing context collusions and collisions	Jenny L Davis; Nathan Jurgenson	2014	Information, Communication &amp; Society	Informa UK Limited	matched	matched	matched	resolved_restricted	False	closed			443
10.1177/1461444810365313	I tweet honestly, I tweet passionately: Twitter users, context collapse, and the imagined audience	Alice E. Marwick; danah boyd	2011	New Media &amp; Society	SAGE Publications	matched	matched	matched	resolved_restricted	False	closed			4532
10.1177/2056305116672884	Sociality and Classification: Reading Gender, Race, and Class in a Humorous Meme	Akane Kanai	2016	Social Media + Society	SAGE Publications	matched	matched	matched	resolved_restricted	True	gold	https://journals.sagepub.com/doi/pdf/10.1177/2056305116672884	https://doi.org/10.1177/2056305116672884	73
10.1016/j.chb.2017.04.056	Online first impressions: Person perception in social media profiles	Chantal Bacev-Giles; Reeshma Haji	2017	Computers in Human Behavior	Elsevier BV	matched	matched	matched	resolved	False	closed			53
10.3389/fpsyg.2021.656365	First Impression Formation Based on Valenced Self-Disclosure in Social Media Profiles	Yuren Qin; Hichang Cho; Pengxiang Li; Lianshan Zhang	2021	Frontiers in Psychology	Frontiers Media SA	matched	matched	matched	resolved	True	gold	https://www.frontiersin.org/articles/10.3389/fpsyg.2021.656365/pdf	https://doi.org/10.3389/fpsyg.2021.656365	14
10.1080/15213269.2024.2405679	Emotional Expressions and First Impression Formation in Social Media Profiles	Yuren Qin; Hichang Cho; Dongdong Yang; Pengxiang Li	2025	Media Psychology	Informa UK Limited	matched	matched	matched	resolved_restricted	False	closed			6
10.1037/h0025848	Attitudinal effects of mere exposure.	Robert B. Zajonc	1968	Journal of Personality and Social Psychology	American Psychological Association (APA)	matched	matched	matched	resolved	False	closed			6703
10.1016/s0022-5371(77)80012-1	Frequency and the conference of referential validity	Lynn Hasher; David Goldstein; Thomas Toppino	1977	Journal of Verbal Learning and Verbal Behavior	Elsevier BV	matched	matched	matched	resolved	False	closed			946
10.1177/1088868309352251	The Truth About the Truth: A Meta-Analytic Review of the Truth Effect	Alice Dechêne; Christoph Stahl; Jochim Hansen; Michaela Wänke	2010	Personality and Social Psychology Review	SAGE Publications	matched	matched	matched	resolved_restricted	False	closed	http://methexp.uni-koeln.de/wp-content/uploads/2014/06/Dech%C3%AAne-Stahl-Hansen-W%C3%A4nke-2010.pdf		606
10.1037/xge0000098	Knowledge does not protect against illusory truth.	Lisa K. Fazio; Nadia M. Brashier; B. Keith Payne; Elizabeth J. Marsh	2015	Journal of Experimental Psychology: General	American Psychological Association (APA)	matched	matched	matched	resolved	True	hybrid	https://doi.org/10.1037/xge0000098	https://doi.org/10.1037/xge0000098	612
10.1037/xge0000465	Prior exposure increases perceived accuracy of fake news.	Gordon Pennycook; Tyrone D. Cannon; David G. Rand	2018	Journal of Experimental Psychology: General	American Psychological Association (APA)	matched	matched	matched	resolved	True	hybrid	https://doi.org/10.2139/ssrn.2958246	https://doi.org/10.1037/xge0000465	1190
10.1177/0963721419827854	Truth by Repetition: Explanations and Implications	Christian Unkelbach; Alex Koch; Rita R. Silva; Teresa Garcia-Marques	2019	Current Directions in Psychological Science	SAGE Publications	matched	matched	matched	resolved_restricted	False	closed			198
10.1186/s41235-021-00301-5	The effects of repetition frequency on the illusory truth effect	Aumyo Hassan; Sarah J. Barber	2021	Cognitive Research: Principles and Implications	Springer Science and Business Media LLC	matched	matched	matched	resolved	True	gold	https://cognitiveresearchjournal.springeropen.com/counter/pdf/10.1186/s41235-021-00301-5	https://doi.org/10.1186/s41235-021-00301-5	224
10.1186/s41235-020-00251-4	Perceived truth of statements and simulated social media postings: an experimental investigation of source credibility, repeated exposure, and presentation format	Lena Nadarevic; Rolf Reber; Anne Josephine Helmecke; Dilara Köse	2020	Cognitive Research: Principles and Implications	Springer Science and Business Media LLC	matched	matched	matched	resolved	True	gold	https://cognitiveresearchjournal.springeropen.com/track/pdf/10.1186/s41235-020-00251-4	https://doi.org/10.1186/s41235-020-00251-4	99
10.1016/j.cognition.2023.105421	The illusory truth effect leads to the spread of misinformation	Valentina Vellani; Sarah Zheng; Dilay Ercelik; Tali Sharot	2023	Cognition	Elsevier BV	matched	matched	matched	resolved	True	hybrid	https://doi.org/10.1016/j.cognition.2023.105421	https://doi.org/10.1016/j.cognition.2023.105421	78
10.1146/annurev-psych-010419-050807	Judging Truth	Nadia M. Brashier; Elizabeth J. Marsh	2020	Annual Review of Psychology	Annual Reviews	matched	matched	matched	resolved_restricted	False	closed			271
10.1037/0033-2909.111.2.256	Thin slices of expressive behavior as predictors of interpersonal consequences: A meta-analysis.	Nalini Ambady; Robert Rosenthal	1992	Psychological Bulletin	American Psychological Association (APA)	matched	matched	matched	resolved	False	closed			1878
10.1111/j.1467-9280.2006.01750.x	First Impressions	Janine Willis; Alexander Todorov	2006	Psychological Science	SAGE Publications	matched	matched	matched	resolved_restricted	False	closed	https://doi.org/10.1016/b978-1-55860-921-1.50008-9		2304
10.1177/1948550619843930	Matters Order: The Role of Information Order on Implicit Impression Formation	Eva Fourakis; Jeremy Cone	2020	Social Psychological and Personality Science	SAGE Publications	matched	matched	matched	resolved_restricted	False	closed			18
10.1002/ijop.12019	Cultural differences in the primacy effect for person perception	Kenji Noguchi; Akiko Kamada; Ilan Shrira	2013	International Journal of Psychology	Wiley	matched	matched	matched	resolved_restricted	False	closed			15
