week,meme_env_stock,meme_env_flow,meme_env_flow_world,abundance_B,emptiness_S,gain_G,total_supply,agent_supply,injected_count,official_posts_count,supply_share_all_meme,supply_share_all_mourning,supply_share_all_education,supply_share_all_marketing,supply_share_all_other,supply_share_all_noise
2026-W12,17,17,1246,1.0,1.0,1.0,40,23,17,0,0.0,0.0,0.125,0.825,0.0,0.05
2026-W13,58,41,11394,1.9077,0.1972,0.3761,37,19,18,0,0.0,0.02702702702702703,0.21621621621621623,0.7027027027027027,0.0,0.05405405405405406
2026-W14,111,53,8678,2.3255,0.2511,0.584,56,22,34,0,0.0,0.32142857142857145,0.17857142857142858,0.23214285714285715,0.23214285714285715,0.03571428571428571
2026-W15,163,52,5050,2.5181,0.3958,0.9967,53,23,30,0,0.018867924528301886,0.20754716981132076,0.24528301886792453,0.22641509433962265,0.2641509433962264,0.03773584905660377
2026-W16,210,47,3756,2.6218,0.4982,1.3062,39,15,24,0,0.02564102564102564,0.1794871794871795,0.2564102564102564,0.28205128205128205,0.20512820512820512,0.05128205128205128
2026-W17,247,37,2416,2.6792,0.6805,1.8232,37,15,22,0,0.02702702702702703,0.13513513513513514,0.2702702702702703,0.2972972972972973,0.21621621621621623,0.05405405405405406
2026-W18,264,34,1703,2.7008,0.845,2.2822,29,10,19,0,0.0,0.1724137931034483,0.20689655172413793,0.3448275862068966,0.20689655172413793,0.06896551724137931
2026-W19,251,28,1792,2.6845,0.8203,2.202,29,11,18,0,0.0,0.2413793103448276,0.1724137931034483,0.3448275862068966,0.1724137931034483,0.06896551724137931
2026-W20,227,29,2735,2.6502,0.626,1.659,24,6,18,0,0.041666666666666664,0.125,0.20833333333333334,0.4166666666666667,0.125,0.08333333333333333
2026-W21,201,26,4252,2.6052,0.4533,1.1808,27,7,20,0,0.2222222222222222,0.07407407407407407,0.14814814814814814,0.3333333333333333,0.1111111111111111,0.1111111111111111
2026-W22,184,30,5338,2.57,0.3785,0.9727,30,7,23,0,0.5,0.1,0.1,0.23333333333333334,0.03333333333333333,0.03333333333333333
