arm,seed,metric_scope,mae
random,0,agent_only_5type_clean,0.08464742162109012
random,0,agent_only_meme_clean,0.08088036448405898
random,1,agent_only_5type_clean,0.10659566766305695
random,1,agent_only_meme_clean,0.1085859921896867
random,2,agent_only_5type_clean,0.09869501360620028
random,2,agent_only_meme_clean,0.0876985463022408
chronological,0,agent_only_5type_clean,0.10356704726636835
chronological,0,agent_only_meme_clean,0.08762387802368511
chronological,1,agent_only_5type_clean,0.10683326622083762
chronological,1,agent_only_meme_clean,0.0952180382494243
chronological,2,agent_only_5type_clean,0.0924788178151513
chronological,2,agent_only_meme_clean,0.0980134884132955
interest,0,agent_only_5type_clean,0.08123995098364598
interest,0,agent_only_meme_clean,0.10048691091721172
interest,1,agent_only_5type_clean,0.09610675555348713
interest,1,agent_only_meme_clean,0.1011922083003768
interest,2,agent_only_5type_clean,0.08569763780797499
interest,2,agent_only_meme_clean,0.08987934560979177
