arm,seed,window_weeks,local_metric,path_length,normalized_dtw_pp
random,0,1,euclidean_5type_share,12,19.906760765199238
random,1,1,euclidean_5type_share,12,26.893290551596337
random,2,1,euclidean_5type_share,12,24.316464847692465
chronological,0,1,euclidean_5type_share,12,26.284680536488274
chronological,1,1,euclidean_5type_share,11,30.569376458327408
chronological,2,1,euclidean_5type_share,12,24.27871373108448
interest,0,1,euclidean_5type_share,12,19.576051998825108
interest,1,1,euclidean_5type_share,12,24.338036682271944
interest,2,1,euclidean_5type_share,12,22.0630555633575
