week,type,n_decisions,n_speak,n_posted,mean_u,mean_threshold,mean_baseline,mean_spiral,mean_fatigue,mean_env_gain
2026-W12,education,15,5,5,0.8894133333333334,0.9470133333333333,0.7412,0.8894133333333334,1.0,1.0
2026-W12,marketing,23,17,17,1.0640869565217392,0.9538391304347825,0.8252,1.0640869565217392,1.0,1.0
2026-W12,meme,19,0,0,0.5383789473684211,0.9668,0.7755,0.5383789473684211,1.0,1.0
2026-W12,mourning,22,0,0,0.6854,0.9641590909090909,0.7678,0.6854,1.0,1.0
2026-W12,other,21,0,0,0.41964761904761905,0.9515476190476191,0.7686,0.41964761904761905,1.0,1.0
2026-W13,education,15,10,10,1.0358266666666667,0.9470133333333333,0.7412,1.0620666666666667,0.88564,0.47
2026-W13,marketing,23,15,15,0.9778434782608696,0.9538391304347825,0.8252,1.0372652173913044,0.7039260869565218,0.4699999999999999
2026-W13,meme,19,0,0,0.5383789473684211,0.9668,0.7755,0.5383789473684211,1.0,0.47
2026-W13,mourning,22,13,13,1.0181272727272728,0.9641590909090909,0.7678,1.0181272727272728,1.0,0.47
2026-W13,other,21,11,11,0.969095238095238,0.9515476190476191,0.7686,0.969095238095238,1.0,0.47
2026-W14,education,15,8,8,0.94782,0.9470133333333333,0.7412,1.0506266666666666,0.6382333333333333,0.7607
2026-W14,marketing,23,7,7,0.9076260869565217,0.9538391304347825,0.8252,0.984595652173913,0.529895652173913,0.7607
2026-W14,meme,19,0,0,0.5702315789473684,0.9668,0.7755,0.5702315789473684,1.0,0.7607
2026-W14,mourning,22,10,10,0.9801590909090909,0.9641590909090909,0.7678,1.0364954545454546,0.7167636363636364,0.7607
2026-W14,other,21,8,8,0.9912095238095239,0.9515476190476191,0.7686,0.9969714285714285,0.6635,0.7607
2026-W15,education,15,5,5,0.9045066666666667,0.9470133333333333,0.7412,1.1285666666666667,0.44143333333333334,1.2877
2026-W15,marketing,23,10,10,0.9225217391304348,0.9538391304347825,0.8252,1.0412521739130434,0.46733913043478265,1.2877
2026-W15,meme,19,0,0,0.5893894736842105,0.9668,0.7755,0.5877631578947369,0.9824684210526314,1.2877
2026-W15,mourning,22,0,0,0.7523772727272727,0.9641590909090909,0.7678,0.7384545454545454,0.4909727272727272,1.2877
2026-W15,other,21,1,1,0.7647380952380952,0.9515476190476191,0.7686,0.8227571428571429,0.3352095238095238,1.2877
2026-W16,education,15,4,4,0.86134,0.9470133333333333,0.7412,1.1484066666666666,0.29478000000000004,1.6716
2026-W16,marketing,23,7,7,0.910991304347826,0.9538391304347825,0.8252,1.0572347826086956,0.3715826086956522,1.6715999999999998
2026-W16,meme,19,0,0,0.6113052631578948,0.9668,0.7755,0.6007684210526316,0.9582947368421052,1.6716
2026-W16,mourning,22,0,0,0.7740818181818182,0.9641590909090909,0.7678,0.7910863636363636,0.4500363636363636,1.6716
2026-W16,other,21,1,1,0.7241238095238095,0.9515476190476191,0.7686,0.6201285714285715,0.23302380952380955,1.6716
2026-W17,education,15,3,3,0.7836066666666667,0.9470133333333333,0.7412,1.0091533333333333,0.17829333333333333,2.3281
2026-W17,marketing,23,6,6,0.8893913043478261,0.9538391304347825,0.8252,1.0547695652173912,0.28308695652173915,2.3281
2026-W17,meme,19,0,0,0.5563684210526315,0.9668,0.7755,0.5383789473684211,0.9258210526315789,2.3281
2026-W17,mourning,22,0,0,0.7442681818181818,0.9641590909090909,0.7678,0.7148545454545455,0.39529545454545456,2.3281
2026-W17,other,21,5,5,0.8450809523809524,0.9515476190476191,0.7686,1.2951333333333335,0.19587142857142856,2.3281
2026-W18,education,15,0,0,0.7590866666666667,0.9470133333333333,0.7412,0.86672,0.14456,2.9144
2026-W18,marketing,23,5,5,0.8801565217391305,0.9538391304347825,0.8252,1.0776000000000001,0.2189608695652174,2.9144
2026-W18,meme,19,0,0,0.5563684210526315,0.9668,0.7755,0.5383789473684211,0.9258210526315789,2.9144
2026-W18,mourning,22,0,0,0.758490909090909,0.9641590909090909,0.7678,0.741,0.38075,2.9144
2026-W18,other,21,0,0,0.7477714285714286,0.9515476190476191,0.7686,0.8627714285714286,0.09632380952380953,2.9144
2026-W19,education,15,2,2,0.7951333333333334,0.9470133333333333,0.7412,1.1326466666666666,0.13202,2.7745
2026-W19,marketing,23,4,4,0.8555782608695652,0.9538391304347825,0.8252,1.0402217391304347,0.1386391304347826,2.7745
2026-W19,meme,19,0,0,0.5563684210526315,0.9668,0.7755,0.5383789473684211,0.9258210526315789,2.7745
2026-W19,mourning,22,3,3,0.7838545454545455,0.9641590909090909,0.7678,0.7973545454545454,0.35195454545454546,2.7745
2026-W19,other,21,1,1,0.7504190476190477,0.9515476190476191,0.7686,0.7031952380952381,0.08924761904761905,2.7745
2026-W20,education,15,1,1,0.7674066666666667,0.9470133333333333,0.7412,1.0508066666666667,0.08709333333333333,2.0384
2026-W20,marketing,23,3,3,0.8483173913043478,0.9538391304347825,0.8252,1.0495695652173913,0.10823478260869565,2.0384
2026-W20,meme,19,6,6,0.9317842105263159,0.9668,0.7755,0.9326473684210527,0.9258210526315789,2.0384
2026-W20,mourning,22,0,0,0.7460681818181818,0.9641590909090909,0.7678,0.6959727272727273,0.31755,2.0384
2026-W20,other,21,0,0,0.7490190476190476,0.9515476190476191,0.7686,0.5017142857142857,0.07614761904761905,2.0384
2026-W21,education,15,0,0,0.74648,0.9470133333333333,0.7412,0.8432533333333333,0.06514,1.4394
2026-W21,marketing,23,3,3,0.8367434782608696,0.9538391304347825,0.8252,0.9686869565217392,0.08611304347826086,1.4394
2026-W21,meme,19,19,19,1.3503578947368422,0.9668,0.7755,1.509178947368421,0.7828789473684211,1.4394
2026-W21,mourning,22,0,0,0.7555136363636364,0.9641590909090909,0.7678,0.7350181818181819,0.31214545454545456,1.4394
2026-W21,other,21,0,0,0.7464285714285714,0.9515476190476191,0.7686,0.4724952380952381,0.0702,1.4394
2026-W22,education,15,0,0,0.7476,0.9470133333333333,0.7412,0.86154,0.06310666666666667,1.2128
2026-W22,marketing,23,3,3,0.8381869565217392,0.9538391304347825,0.8252,1.004595652173913,0.07926521739130435,1.2128
2026-W22,meme,19,16,16,1.1069894736842105,0.9668,0.7755,1.5089210526315788,0.4512315789473684,1.2128
2026-W22,mourning,22,0,0,0.7583363636363636,0.9641590909090909,0.7678,0.7165681818181818,0.2922318181818182,1.2128
2026-W22,other,21,0,0,0.7461,0.9515476190476191,0.7686,0.42774761904761904,0.06738095238095239,1.2128
