week,type,sim_agent_share,bench_share_clean,delta_agent_vs_clean_benchmark,sim_combined_share_descriptive,injected_share_descriptive,bench_share_raw
2026-W12,meme,0.0,0.0,0.0,0.0,0.0,0.0
2026-W12,mourning,0.0,0.0,0.0,0.0,0.0,0.0
2026-W12,education,0.2962962962962963,0.1235657546337158,0.17273054166258048,0.22727272727272727,0.11764705882352941,0.11235955056179775
2026-W12,marketing,0.7037037037037037,0.8561341571050309,-0.15243045340132721,0.7272727272727273,0.7647058823529411,0.7784911717495987
2026-W12,other,0.0,0.02030008826125331,-0.02030008826125331,0.0,0.0,0.018459069020866775
2026-W12,noise,0.0,0.0,0.0,0.045454545454545456,0.11764705882352941,0.09069020866773676
2026-W13,meme,0.0,0.013518518518518518,-0.013518518518518518,0.0,0.0,0.012813761628927505
2026-W13,mourning,0.25806451612903225,0.4364814814814815,-0.17841696535244927,0.3484848484848485,0.42857142857142855,0.4137265227312621
2026-W13,education,0.25806451612903225,0.12416666666666666,0.1338978494623656,0.18181818181818182,0.11428571428571428,0.11769352290679305
2026-W13,marketing,0.3870967741935484,0.18796296296296297,0.1991338112305854,0.2727272727272727,0.17142857142857143,0.1781639459364578
2026-W13,other,0.0967741935483871,0.23787037037037034,-0.14109617682198325,0.16666666666666666,0.22857142857142856,0.22546954537475863
2026-W13,noise,0.0,0.0,0.0,0.030303030303030304,0.05714285714285714,0.052132701421800945
2026-W14,meme,0.0,0.018585960065302023,-0.018585960065302023,0.016666666666666666,0.03333333333333333,0.017054620880387186
2026-W14,mourning,0.23333333333333334,0.18171543388170286,0.05161789945163048,0.2,0.16666666666666666,0.16674348928324498
2026-W14,education,0.26666666666666666,0.2011804596257692,0.06548620704089747,0.23333333333333334,0.2,0.18460474763770454
2026-W14,marketing,0.3333333333333333,0.30779856837875175,0.025534764954581568,0.3,0.26666666666666666,0.2824383498501959
2026-W14,other,0.16666666666666666,0.2907195780484742,-0.12405291138180755,0.21666666666666667,0.26666666666666666,0.2667665360682185
2026-W14,noise,0.0,0.0,0.0,0.03333333333333333,0.06666666666666667,0.0823922562802489
2026-W15,meme,0.0,0.03134590092064884,-0.03134590092064884,0.019230769230769232,0.041666666666666664,0.028316831683168318
2026-W15,mourning,0.32142857142857145,0.16133274879438841,0.16009582263418304,0.23076923076923078,0.125,0.14574257425742573
2026-W15,education,0.21428571428571427,0.25953529153879873,-0.045249577253084455,0.23076923076923078,0.25,0.23445544554455444
2026-W15,marketing,0.32142857142857145,0.3016220955721175,0.019806475856453953,0.3076923076923077,0.2916666666666667,0.2724752475247525
2026-W15,other,0.14285714285714285,0.24616396317404646,-0.10330682031690361,0.17307692307692307,0.20833333333333334,0.22237623762376238
2026-W15,noise,0.0,0.0,0.0,0.038461538461538464,0.08333333333333333,0.09663366336633664
2026-W16,meme,0.0,0.022767593140153756,-0.022767593140153756,0.02564102564102564,0.045454545454545456,0.020500532481363153
2026-W16,mourning,0.35294117647058826,0.14665878178592548,0.20628239468466278,0.23076923076923078,0.13636363636363635,0.13205537806176784
2026-W16,education,0.17647058823529413,0.2664104080425783,-0.08993981980728419,0.20512820512820512,0.22727272727272727,0.23988285410010649
2026-W16,marketing,0.23529411764705882,0.34003548196333533,-0.10474136431627651,0.28205128205128205,0.3181818181818182,0.3061767838125666
2026-W16,other,0.23529411764705882,0.2241277350680071,0.011166382579051726,0.20512820512820512,0.18181818181818182,0.2018104366347178
2026-W16,noise,0.0,0.0,0.0,0.05128205128205128,0.09090909090909091,0.09957401490947816
2026-W17,meme,0.0,0.023765996343692867,-0.023765996343692867,0.0,0.0,0.02152317880794702
2026-W17,mourning,0.3,0.1293418647166362,0.1706581352833638,0.1724137931034483,0.10526315789473684,0.11713576158940397
2026-W17,education,0.2,0.22349177330895795,-0.023491773308957936,0.20689655172413793,0.21052631578947367,0.20240066225165562
2026-W17,marketing,0.4,0.4163619744058501,-0.016361974405850077,0.3793103448275862,0.3684210526315789,0.37706953642384106
2026-W17,other,0.1,0.2070383912248629,-0.10703839122486289,0.1724137931034483,0.21052631578947367,0.1875
2026-W17,noise,0.0,0.0,0.0,0.06896551724137931,0.10526315789473684,0.09437086092715231
2026-W18,meme,0.0,0.02816901408450704,-0.02816901408450704,0.0,0.0,0.025836758661186142
2026-W18,mourning,0.18181818181818182,0.10115236875800256,0.08066581306017927,0.13793103448275862,0.1111111111111111,0.09277745155607751
2026-W18,education,0.2727272727272727,0.2087067861715749,0.06402048655569781,0.20689655172413793,0.16666666666666666,0.19142689371697005
2026-W18,marketing,0.36363636363636365,0.4193341869398207,-0.05569782330345707,0.3793103448275862,0.3888888888888889,0.38461538461538464
2026-W18,other,0.18181818181818182,0.24263764404609475,-0.06081946222791293,0.20689655172413793,0.2222222222222222,0.22254844392248974
2026-W18,noise,0.0,0.0,0.0,0.06896551724137931,0.1111111111111111,0.08279506752789195
2026-W19,meme,0.0,0.08574953732264036,-0.08574953732264036,0.04,0.05555555555555555,0.07756696428571429
2026-W19,mourning,0.14285714285714285,0.08574953732264036,0.05710760553450249,0.08,0.05555555555555555,0.07756696428571429
2026-W19,education,0.14285714285714285,0.22640345465761877,-0.08354631180047592,0.2,0.2222222222222222,0.20479910714285715
2026-W19,marketing,0.42857142857142855,0.43429981492905617,-0.005728386357627624,0.4,0.3888888888888889,0.39285714285714285
2026-W19,other,0.2857142857142857,0.16779765576804442,0.11791662994624127,0.2,0.16666666666666666,0.15178571428571427
2026-W19,noise,0.0,0.0,0.0,0.08,0.1111111111111111,0.09542410714285714
2026-W20,meme,0.125,0.34738186462324394,-0.22238186462324394,0.25,0.3,0.2983546617915905
2026-W20,mourning,0.25,0.07577692635163899,0.174223073648361,0.10714285714285714,0.05,0.06508226691042047
2026-W20,education,0.125,0.1498510004257131,-0.024851000425713088,0.14285714285714285,0.15,0.1287020109689214
2026-W20,marketing,0.5,0.3384418901660281,0.1615581098339719,0.35714285714285715,0.3,0.2906764168190128
2026-W20,other,0.0,0.08854831843337592,-0.08854831843337592,0.03571428571428571,0.05,0.07605118829981719
2026-W20,noise,0.0,0.0,0.0,0.10714285714285714,0.15,0.14113345521023765
2026-W21,meme,0.2,0.5880159124813525,-0.38801591248135253,0.5,0.5652173913043478,0.55620884289746
2026-W21,mourning,0.2,0.11163600198906017,0.08836399801093985,0.10714285714285714,0.08695652173913043,0.10559736594543744
2026-W21,education,0.0,0.08428642466434609,-0.08428642466434609,0.07142857142857142,0.08695652173913043,0.07972718720602069
2026-W21,marketing,0.6,0.16956737941322728,0.4304326205867727,0.25,0.17391304347826086,0.16039510818438382
2026-W21,other,0.0,0.046494281452013925,-0.046494281452013925,0.03571428571428571,0.043478260869565216,0.04397930385700847
2026-W21,noise,0.0,0.0,0.0,0.03571428571428571,0.043478260869565216,0.05409219190968956
2026-W22,meme,0.5,0.630383711824589,-0.13038371182458897,0.5666666666666667,0.5833333333333334,0.6032221805919821
2026-W22,mourning,0.0,0.07282693813625686,-0.07282693813625686,0.06666666666666667,0.08333333333333333,0.06968902210565756
2026-W22,education,0.0,0.07419733750978856,-0.07419733750978856,0.06666666666666667,0.08333333333333333,0.07100037467216186
2026-W22,marketing,0.5,0.17658574784651526,0.32341425215348474,0.23333333333333334,0.16666666666666666,0.16897714499812663
2026-W22,other,0.0,0.04600626468285043,-0.04600626468285043,0.03333333333333333,0.041666666666666664,0.04402397901835894
2026-W22,noise,0.0,0.0,0.0,0.03333333333333333,0.041666666666666664,0.043087298613713
