condition,week,category,mean_agent_supply,fixed_injected_supply,mean_combined_supply,paired_seed_count,source
full,2026-W12,meme,0.000000,0,0.000000,100,numerical_proxy_only_no_formal_replay_or_llm_run
full,2026-W13,meme,0.000000,0,0.000000,100,numerical_proxy_only_no_formal_replay_or_llm_run
full,2026-W14,meme,0.000000,1,1.000000,100,numerical_proxy_only_no_formal_replay_or_llm_run
full,2026-W15,meme,0.060000,1,1.060000,100,numerical_proxy_only_no_formal_replay_or_llm_run
full,2026-W16,meme,0.280000,1,1.280000,100,numerical_proxy_only_no_formal_replay_or_llm_run
full,2026-W17,meme,0.220000,0,0.220000,100,numerical_proxy_only_no_formal_replay_or_llm_run
full,2026-W18,meme,0.220000,0,0.220000,100,numerical_proxy_only_no_formal_replay_or_llm_run
full,2026-W19,meme,0.510000,1,1.510000,100,numerical_proxy_only_no_formal_replay_or_llm_run
full,2026-W20,meme,9.830000,6,15.830000,100,numerical_proxy_only_no_formal_replay_or_llm_run
full,2026-W21,meme,18.570000,13,31.570000,100,numerical_proxy_only_no_formal_replay_or_llm_run
full,2026-W22,meme,17.610000,14,31.610000,100,numerical_proxy_only_no_formal_replay_or_llm_run
full,2026-W12,mourning,0.000000,0,0.000000,100,numerical_proxy_only_no_formal_replay_or_llm_run
full,2026-W13,mourning,22.000000,15,37.000000,100,numerical_proxy_only_no_formal_replay_or_llm_run
full,2026-W14,mourning,9.100000,5,14.100000,100,numerical_proxy_only_no_formal_replay_or_llm_run
full,2026-W15,mourning,5.350000,3,8.350000,100,numerical_proxy_only_no_formal_replay_or_llm_run
full,2026-W16,mourning,1.890000,3,4.890000,100,numerical_proxy_only_no_formal_replay_or_llm_run
full,2026-W17,mourning,0.660000,2,2.660000,100,numerical_proxy_only_no_formal_replay_or_llm_run
full,2026-W18,mourning,0.210000,2,2.210000,100,numerical_proxy_only_no_formal_replay_or_llm_run
full,2026-W19,mourning,0.090000,1,1.090000,100,numerical_proxy_only_no_formal_replay_or_llm_run
full,2026-W20,mourning,0.010000,1,1.010000,100,numerical_proxy_only_no_formal_replay_or_llm_run
full,2026-W21,mourning,0.010000,2,2.010000,100,numerical_proxy_only_no_formal_replay_or_llm_run
full,2026-W22,mourning,0.040000,2,2.040000,100,numerical_proxy_only_no_formal_replay_or_llm_run
full,2026-W12,education,7.710000,2,9.710000,100,numerical_proxy_only_no_formal_replay_or_llm_run
full,2026-W13,education,5.690000,4,9.690000,100,numerical_proxy_only_no_formal_replay_or_llm_run
full,2026-W14,education,8.210000,6,14.210000,100,numerical_proxy_only_no_formal_replay_or_llm_run
full,2026-W15,education,5.720000,6,11.720000,100,numerical_proxy_only_no_formal_replay_or_llm_run
full,2026-W16,education,5.030000,5,10.030000,100,numerical_proxy_only_no_formal_replay_or_llm_run
full,2026-W17,education,3.410000,4,7.410000,100,numerical_proxy_only_no_formal_replay_or_llm_run
full,2026-W18,education,2.590000,3,5.590000,100,numerical_proxy_only_no_formal_replay_or_llm_run
full,2026-W19,education,1.580000,4,5.580000,100,numerical_proxy_only_no_formal_replay_or_llm_run
full,2026-W20,education,0.860000,3,3.860000,100,numerical_proxy_only_no_formal_replay_or_llm_run
full,2026-W21,education,0.440000,2,2.440000,100,numerical_proxy_only_no_formal_replay_or_llm_run
full,2026-W22,education,0.120000,2,2.120000,100,numerical_proxy_only_no_formal_replay_or_llm_run
full,2026-W12,marketing,19.000000,13,32.000000,100,numerical_proxy_only_no_formal_replay_or_llm_run
full,2026-W13,marketing,10.530000,6,16.530000,100,numerical_proxy_only_no_formal_replay_or_llm_run
full,2026-W14,marketing,11.200000,8,19.200000,100,numerical_proxy_only_no_formal_replay_or_llm_run
full,2026-W15,marketing,7.790000,7,14.790000,100,numerical_proxy_only_no_formal_replay_or_llm_run
full,2026-W16,marketing,6.350000,7,13.350000,100,numerical_proxy_only_no_formal_replay_or_llm_run
full,2026-W17,marketing,4.860000,7,11.860000,100,numerical_proxy_only_no_formal_replay_or_llm_run
full,2026-W18,marketing,4.170000,7,11.170000,100,numerical_proxy_only_no_formal_replay_or_llm_run
full,2026-W19,marketing,3.800000,7,10.800000,100,numerical_proxy_only_no_formal_replay_or_llm_run
full,2026-W20,marketing,3.290000,6,9.290000,100,numerical_proxy_only_no_formal_replay_or_llm_run
full,2026-W21,marketing,3.070000,4,7.070000,100,numerical_proxy_only_no_formal_replay_or_llm_run
full,2026-W22,marketing,3.000000,4,7.000000,100,numerical_proxy_only_no_formal_replay_or_llm_run
full,2026-W12,other,0.000000,0,0.000000,100,numerical_proxy_only_no_formal_replay_or_llm_run
full,2026-W13,other,4.520000,8,12.520000,100,numerical_proxy_only_no_formal_replay_or_llm_run
full,2026-W14,other,5.030000,8,13.030000,100,numerical_proxy_only_no_formal_replay_or_llm_run
full,2026-W15,other,5.590000,5,10.590000,100,numerical_proxy_only_no_formal_replay_or_llm_run
full,2026-W16,other,4.520000,4,8.520000,100,numerical_proxy_only_no_formal_replay_or_llm_run
full,2026-W17,other,2.730000,4,6.730000,100,numerical_proxy_only_no_formal_replay_or_llm_run
full,2026-W18,other,1.300000,4,5.300000,100,numerical_proxy_only_no_formal_replay_or_llm_run
full,2026-W19,other,0.360000,3,3.360000,100,numerical_proxy_only_no_formal_replay_or_llm_run
full,2026-W20,other,0.040000,1,1.040000,100,numerical_proxy_only_no_formal_replay_or_llm_run
full,2026-W21,other,0.000000,1,1.000000,100,numerical_proxy_only_no_formal_replay_or_llm_run
full,2026-W22,other,0.000000,1,1.000000,100,numerical_proxy_only_no_formal_replay_or_llm_run
full,2026-W12,noise,0.000000,2,2.000000,100,numerical_proxy_only_no_formal_replay_or_llm_run
full,2026-W13,noise,0.000000,2,2.000000,100,numerical_proxy_only_no_formal_replay_or_llm_run
full,2026-W14,noise,0.000000,2,2.000000,100,numerical_proxy_only_no_formal_replay_or_llm_run
full,2026-W15,noise,0.000000,2,2.000000,100,numerical_proxy_only_no_formal_replay_or_llm_run
full,2026-W16,noise,0.000000,2,2.000000,100,numerical_proxy_only_no_formal_replay_or_llm_run
full,2026-W17,noise,0.000000,2,2.000000,100,numerical_proxy_only_no_formal_replay_or_llm_run
full,2026-W18,noise,0.000000,2,2.000000,100,numerical_proxy_only_no_formal_replay_or_llm_run
full,2026-W19,noise,0.000000,2,2.000000,100,numerical_proxy_only_no_formal_replay_or_llm_run
full,2026-W20,noise,0.000000,3,3.000000,100,numerical_proxy_only_no_formal_replay_or_llm_run
full,2026-W21,noise,0.000000,1,1.000000,100,numerical_proxy_only_no_formal_replay_or_llm_run
full,2026-W22,noise,0.000000,1,1.000000,100,numerical_proxy_only_no_formal_replay_or_llm_run
no_B,2026-W12,meme,0.000000,0,0.000000,100,numerical_proxy_only_no_formal_replay_or_llm_run
no_B,2026-W13,meme,0.000000,0,0.000000,100,numerical_proxy_only_no_formal_replay_or_llm_run
no_B,2026-W14,meme,0.000000,1,1.000000,100,numerical_proxy_only_no_formal_replay_or_llm_run
no_B,2026-W15,meme,0.120000,1,1.120000,100,numerical_proxy_only_no_formal_replay_or_llm_run
no_B,2026-W16,meme,0.570000,1,1.570000,100,numerical_proxy_only_no_formal_replay_or_llm_run
no_B,2026-W17,meme,0.850000,0,0.850000,100,numerical_proxy_only_no_formal_replay_or_llm_run
no_B,2026-W18,meme,0.960000,0,0.960000,100,numerical_proxy_only_no_formal_replay_or_llm_run
no_B,2026-W19,meme,1.340000,1,2.340000,100,numerical_proxy_only_no_formal_replay_or_llm_run
no_B,2026-W20,meme,8.660000,6,14.660000,100,numerical_proxy_only_no_formal_replay_or_llm_run
no_B,2026-W21,meme,10.890000,13,23.890000,100,numerical_proxy_only_no_formal_replay_or_llm_run
no_B,2026-W22,meme,1.300000,14,15.300000,100,numerical_proxy_only_no_formal_replay_or_llm_run
no_B,2026-W12,mourning,0.000000,0,0.000000,100,numerical_proxy_only_no_formal_replay_or_llm_run
no_B,2026-W13,mourning,22.000000,15,37.000000,100,numerical_proxy_only_no_formal_replay_or_llm_run
no_B,2026-W14,mourning,0.000000,5,5.000000,100,numerical_proxy_only_no_formal_replay_or_llm_run
no_B,2026-W15,mourning,0.000000,3,3.000000,100,numerical_proxy_only_no_formal_replay_or_llm_run
no_B,2026-W16,mourning,0.000000,3,3.000000,100,numerical_proxy_only_no_formal_replay_or_llm_run
no_B,2026-W17,mourning,0.000000,2,2.000000,100,numerical_proxy_only_no_formal_replay_or_llm_run
no_B,2026-W18,mourning,0.000000,2,2.000000,100,numerical_proxy_only_no_formal_replay_or_llm_run
no_B,2026-W19,mourning,0.000000,1,1.000000,100,numerical_proxy_only_no_formal_replay_or_llm_run
no_B,2026-W20,mourning,0.000000,1,1.000000,100,numerical_proxy_only_no_formal_replay_or_llm_run
no_B,2026-W21,mourning,0.000000,2,2.000000,100,numerical_proxy_only_no_formal_replay_or_llm_run
no_B,2026-W22,mourning,0.000000,2,2.000000,100,numerical_proxy_only_no_formal_replay_or_llm_run
no_B,2026-W12,education,7.710000,2,9.710000,100,numerical_proxy_only_no_formal_replay_or_llm_run
no_B,2026-W13,education,2.020000,4,6.020000,100,numerical_proxy_only_no_formal_replay_or_llm_run
no_B,2026-W14,education,2.400000,6,8.400000,100,numerical_proxy_only_no_formal_replay_or_llm_run
no_B,2026-W15,education,0.600000,6,6.600000,100,numerical_proxy_only_no_formal_replay_or_llm_run
no_B,2026-W16,education,0.170000,5,5.170000,100,numerical_proxy_only_no_formal_replay_or_llm_run
no_B,2026-W17,education,0.000000,4,4.000000,100,numerical_proxy_only_no_formal_replay_or_llm_run
no_B,2026-W18,education,0.000000,3,3.000000,100,numerical_proxy_only_no_formal_replay_or_llm_run
no_B,2026-W19,education,0.000000,4,4.000000,100,numerical_proxy_only_no_formal_replay_or_llm_run
no_B,2026-W20,education,0.000000,3,3.000000,100,numerical_proxy_only_no_formal_replay_or_llm_run
no_B,2026-W21,education,0.000000,2,2.000000,100,numerical_proxy_only_no_formal_replay_or_llm_run
no_B,2026-W22,education,0.000000,2,2.000000,100,numerical_proxy_only_no_formal_replay_or_llm_run
no_B,2026-W12,marketing,19.000000,13,32.000000,100,numerical_proxy_only_no_formal_replay_or_llm_run
no_B,2026-W13,marketing,0.000000,6,6.000000,100,numerical_proxy_only_no_formal_replay_or_llm_run
no_B,2026-W14,marketing,0.000000,8,8.000000,100,numerical_proxy_only_no_formal_replay_or_llm_run
no_B,2026-W15,marketing,0.000000,7,7.000000,100,numerical_proxy_only_no_formal_replay_or_llm_run
no_B,2026-W16,marketing,0.000000,7,7.000000,100,numerical_proxy_only_no_formal_replay_or_llm_run
no_B,2026-W17,marketing,0.000000,7,7.000000,100,numerical_proxy_only_no_formal_replay_or_llm_run
no_B,2026-W18,marketing,0.000000,7,7.000000,100,numerical_proxy_only_no_formal_replay_or_llm_run
no_B,2026-W19,marketing,0.000000,7,7.000000,100,numerical_proxy_only_no_formal_replay_or_llm_run
no_B,2026-W20,marketing,0.000000,6,6.000000,100,numerical_proxy_only_no_formal_replay_or_llm_run
no_B,2026-W21,marketing,0.000000,4,4.000000,100,numerical_proxy_only_no_formal_replay_or_llm_run
no_B,2026-W22,marketing,0.000000,4,4.000000,100,numerical_proxy_only_no_formal_replay_or_llm_run
no_B,2026-W12,other,0.000000,0,0.000000,100,numerical_proxy_only_no_formal_replay_or_llm_run
no_B,2026-W13,other,4.520000,8,12.520000,100,numerical_proxy_only_no_formal_replay_or_llm_run
no_B,2026-W14,other,2.020000,8,10.020000,100,numerical_proxy_only_no_formal_replay_or_llm_run
no_B,2026-W15,other,0.970000,5,5.970000,100,numerical_proxy_only_no_formal_replay_or_llm_run
no_B,2026-W16,other,0.130000,4,4.130000,100,numerical_proxy_only_no_formal_replay_or_llm_run
no_B,2026-W17,other,0.020000,4,4.020000,100,numerical_proxy_only_no_formal_replay_or_llm_run
no_B,2026-W18,other,0.000000,4,4.000000,100,numerical_proxy_only_no_formal_replay_or_llm_run
no_B,2026-W19,other,0.000000,3,3.000000,100,numerical_proxy_only_no_formal_replay_or_llm_run
no_B,2026-W20,other,0.000000,1,1.000000,100,numerical_proxy_only_no_formal_replay_or_llm_run
no_B,2026-W21,other,0.000000,1,1.000000,100,numerical_proxy_only_no_formal_replay_or_llm_run
no_B,2026-W22,other,0.000000,1,1.000000,100,numerical_proxy_only_no_formal_replay_or_llm_run
no_B,2026-W12,noise,0.000000,2,2.000000,100,numerical_proxy_only_no_formal_replay_or_llm_run
no_B,2026-W13,noise,0.000000,2,2.000000,100,numerical_proxy_only_no_formal_replay_or_llm_run
no_B,2026-W14,noise,0.000000,2,2.000000,100,numerical_proxy_only_no_formal_replay_or_llm_run
no_B,2026-W15,noise,0.000000,2,2.000000,100,numerical_proxy_only_no_formal_replay_or_llm_run
no_B,2026-W16,noise,0.000000,2,2.000000,100,numerical_proxy_only_no_formal_replay_or_llm_run
no_B,2026-W17,noise,0.000000,2,2.000000,100,numerical_proxy_only_no_formal_replay_or_llm_run
no_B,2026-W18,noise,0.000000,2,2.000000,100,numerical_proxy_only_no_formal_replay_or_llm_run
no_B,2026-W19,noise,0.000000,2,2.000000,100,numerical_proxy_only_no_formal_replay_or_llm_run
no_B,2026-W20,noise,0.000000,3,3.000000,100,numerical_proxy_only_no_formal_replay_or_llm_run
no_B,2026-W21,noise,0.000000,1,1.000000,100,numerical_proxy_only_no_formal_replay_or_llm_run
no_B,2026-W22,noise,0.000000,1,1.000000,100,numerical_proxy_only_no_formal_replay_or_llm_run
no_D,2026-W12,meme,12.000000,0,12.000000,100,numerical_proxy_only_no_formal_replay_or_llm_run
no_D,2026-W13,meme,12.000000,0,12.000000,100,numerical_proxy_only_no_formal_replay_or_llm_run
no_D,2026-W14,meme,10.860000,1,11.860000,100,numerical_proxy_only_no_formal_replay_or_llm_run
no_D,2026-W15,meme,7.690000,1,8.690000,100,numerical_proxy_only_no_formal_replay_or_llm_run
no_D,2026-W16,meme,6.080000,1,7.080000,100,numerical_proxy_only_no_formal_replay_or_llm_run
no_D,2026-W17,meme,4.910000,0,4.910000,100,numerical_proxy_only_no_formal_replay_or_llm_run
no_D,2026-W18,meme,3.960000,0,3.960000,100,numerical_proxy_only_no_formal_replay_or_llm_run
no_D,2026-W19,meme,3.240000,1,4.240000,100,numerical_proxy_only_no_formal_replay_or_llm_run
no_D,2026-W20,meme,2.590000,6,8.590000,100,numerical_proxy_only_no_formal_replay_or_llm_run
no_D,2026-W21,meme,1.970000,13,14.970000,100,numerical_proxy_only_no_formal_replay_or_llm_run
no_D,2026-W22,meme,1.350000,14,15.350000,100,numerical_proxy_only_no_formal_replay_or_llm_run
no_D,2026-W12,mourning,12.000000,0,12.000000,100,numerical_proxy_only_no_formal_replay_or_llm_run
no_D,2026-W13,mourning,12.000000,15,27.000000,100,numerical_proxy_only_no_formal_replay_or_llm_run
no_D,2026-W14,mourning,3.960000,5,8.960000,100,numerical_proxy_only_no_formal_replay_or_llm_run
no_D,2026-W15,mourning,2.490000,3,5.490000,100,numerical_proxy_only_no_formal_replay_or_llm_run
no_D,2026-W16,mourning,1.560000,3,4.560000,100,numerical_proxy_only_no_formal_replay_or_llm_run
no_D,2026-W17,mourning,1.260000,2,3.260000,100,numerical_proxy_only_no_formal_replay_or_llm_run
no_D,2026-W18,mourning,1.070000,2,3.070000,100,numerical_proxy_only_no_formal_replay_or_llm_run
no_D,2026-W19,mourning,0.860000,1,1.860000,100,numerical_proxy_only_no_formal_replay_or_llm_run
no_D,2026-W20,mourning,0.710000,1,1.710000,100,numerical_proxy_only_no_formal_replay_or_llm_run
no_D,2026-W21,mourning,0.540000,2,2.540000,100,numerical_proxy_only_no_formal_replay_or_llm_run
no_D,2026-W22,mourning,0.490000,2,2.490000,100,numerical_proxy_only_no_formal_replay_or_llm_run
no_D,2026-W12,education,9.000000,2,11.000000,100,numerical_proxy_only_no_formal_replay_or_llm_run
no_D,2026-W13,education,6.950000,4,10.950000,100,numerical_proxy_only_no_formal_replay_or_llm_run
no_D,2026-W14,education,6.490000,6,12.490000,100,numerical_proxy_only_no_formal_replay_or_llm_run
no_D,2026-W15,education,5.390000,6,11.390000,100,numerical_proxy_only_no_formal_replay_or_llm_run
no_D,2026-W16,education,4.220000,5,9.220000,100,numerical_proxy_only_no_formal_replay_or_llm_run
no_D,2026-W17,education,3.150000,4,7.150000,100,numerical_proxy_only_no_formal_replay_or_llm_run
no_D,2026-W18,education,2.320000,3,5.320000,100,numerical_proxy_only_no_formal_replay_or_llm_run
no_D,2026-W19,education,1.520000,4,5.520000,100,numerical_proxy_only_no_formal_replay_or_llm_run
no_D,2026-W20,education,0.940000,3,3.940000,100,numerical_proxy_only_no_formal_replay_or_llm_run
no_D,2026-W21,education,0.540000,2,2.540000,100,numerical_proxy_only_no_formal_replay_or_llm_run
no_D,2026-W22,education,0.270000,2,2.270000,100,numerical_proxy_only_no_formal_replay_or_llm_run
no_D,2026-W12,marketing,15.000000,13,28.000000,100,numerical_proxy_only_no_formal_replay_or_llm_run
no_D,2026-W13,marketing,10.620000,6,16.620000,100,numerical_proxy_only_no_formal_replay_or_llm_run
no_D,2026-W14,marketing,9.190000,8,17.190000,100,numerical_proxy_only_no_formal_replay_or_llm_run
no_D,2026-W15,marketing,7.030000,7,14.030000,100,numerical_proxy_only_no_formal_replay_or_llm_run
no_D,2026-W16,marketing,5.950000,7,12.950000,100,numerical_proxy_only_no_formal_replay_or_llm_run
no_D,2026-W17,marketing,5.000000,7,12.000000,100,numerical_proxy_only_no_formal_replay_or_llm_run
no_D,2026-W18,marketing,4.330000,7,11.330000,100,numerical_proxy_only_no_formal_replay_or_llm_run
no_D,2026-W19,marketing,3.690000,7,10.690000,100,numerical_proxy_only_no_formal_replay_or_llm_run
no_D,2026-W20,marketing,3.240000,6,9.240000,100,numerical_proxy_only_no_formal_replay_or_llm_run
no_D,2026-W21,marketing,3.060000,4,7.060000,100,numerical_proxy_only_no_formal_replay_or_llm_run
no_D,2026-W22,marketing,3.000000,4,7.000000,100,numerical_proxy_only_no_formal_replay_or_llm_run
no_D,2026-W12,other,15.000000,0,15.000000,100,numerical_proxy_only_no_formal_replay_or_llm_run
no_D,2026-W13,other,15.000000,8,23.000000,100,numerical_proxy_only_no_formal_replay_or_llm_run
no_D,2026-W14,other,12.040000,8,20.040000,100,numerical_proxy_only_no_formal_replay_or_llm_run
no_D,2026-W15,other,6.160000,5,11.160000,100,numerical_proxy_only_no_formal_replay_or_llm_run
no_D,2026-W16,other,1.980000,4,5.980000,100,numerical_proxy_only_no_formal_replay_or_llm_run
no_D,2026-W17,other,0.640000,4,4.640000,100,numerical_proxy_only_no_formal_replay_or_llm_run
no_D,2026-W18,other,0.240000,4,4.240000,100,numerical_proxy_only_no_formal_replay_or_llm_run
no_D,2026-W19,other,0.060000,3,3.060000,100,numerical_proxy_only_no_formal_replay_or_llm_run
no_D,2026-W20,other,0.020000,1,1.020000,100,numerical_proxy_only_no_formal_replay_or_llm_run
no_D,2026-W21,other,0.020000,1,1.020000,100,numerical_proxy_only_no_formal_replay_or_llm_run
no_D,2026-W22,other,0.020000,1,1.020000,100,numerical_proxy_only_no_formal_replay_or_llm_run
no_D,2026-W12,noise,0.000000,2,2.000000,100,numerical_proxy_only_no_formal_replay_or_llm_run
no_D,2026-W13,noise,0.000000,2,2.000000,100,numerical_proxy_only_no_formal_replay_or_llm_run
no_D,2026-W14,noise,0.000000,2,2.000000,100,numerical_proxy_only_no_formal_replay_or_llm_run
no_D,2026-W15,noise,0.000000,2,2.000000,100,numerical_proxy_only_no_formal_replay_or_llm_run
no_D,2026-W16,noise,0.000000,2,2.000000,100,numerical_proxy_only_no_formal_replay_or_llm_run
no_D,2026-W17,noise,0.000000,2,2.000000,100,numerical_proxy_only_no_formal_replay_or_llm_run
no_D,2026-W18,noise,0.000000,2,2.000000,100,numerical_proxy_only_no_formal_replay_or_llm_run
no_D,2026-W19,noise,0.000000,2,2.000000,100,numerical_proxy_only_no_formal_replay_or_llm_run
no_D,2026-W20,noise,0.000000,3,3.000000,100,numerical_proxy_only_no_formal_replay_or_llm_run
no_D,2026-W21,noise,0.000000,1,1.000000,100,numerical_proxy_only_no_formal_replay_or_llm_run
no_D,2026-W22,noise,0.000000,1,1.000000,100,numerical_proxy_only_no_formal_replay_or_llm_run
no_R,2026-W12,meme,0.000000,0,0.000000,100,numerical_proxy_only_no_formal_replay_or_llm_run
no_R,2026-W13,meme,0.000000,0,0.000000,100,numerical_proxy_only_no_formal_replay_or_llm_run
no_R,2026-W14,meme,0.000000,1,1.000000,100,numerical_proxy_only_no_formal_replay_or_llm_run
no_R,2026-W15,meme,0.060000,1,1.060000,100,numerical_proxy_only_no_formal_replay_or_llm_run
no_R,2026-W16,meme,0.220000,1,1.220000,100,numerical_proxy_only_no_formal_replay_or_llm_run
no_R,2026-W17,meme,0.100000,0,0.100000,100,numerical_proxy_only_no_formal_replay_or_llm_run
no_R,2026-W18,meme,0.020000,0,0.020000,100,numerical_proxy_only_no_formal_replay_or_llm_run
no_R,2026-W19,meme,0.040000,1,1.040000,100,numerical_proxy_only_no_formal_replay_or_llm_run
no_R,2026-W20,meme,4.120000,6,10.120000,100,numerical_proxy_only_no_formal_replay_or_llm_run
no_R,2026-W21,meme,13.280000,13,26.280000,100,numerical_proxy_only_no_formal_replay_or_llm_run
no_R,2026-W22,meme,18.050000,14,32.050000,100,numerical_proxy_only_no_formal_replay_or_llm_run
no_R,2026-W12,mourning,0.000000,0,0.000000,100,numerical_proxy_only_no_formal_replay_or_llm_run
no_R,2026-W13,mourning,22.000000,15,37.000000,100,numerical_proxy_only_no_formal_replay_or_llm_run
no_R,2026-W14,mourning,17.080000,5,22.080000,100,numerical_proxy_only_no_formal_replay_or_llm_run
no_R,2026-W15,mourning,19.020000,3,22.020000,100,numerical_proxy_only_no_formal_replay_or_llm_run
no_R,2026-W16,mourning,16.790000,3,19.790000,100,numerical_proxy_only_no_formal_replay_or_llm_run
no_R,2026-W17,mourning,16.300000,2,18.300000,100,numerical_proxy_only_no_formal_replay_or_llm_run
no_R,2026-W18,mourning,15.660000,2,17.660000,100,numerical_proxy_only_no_formal_replay_or_llm_run
no_R,2026-W19,mourning,15.120000,1,16.120000,100,numerical_proxy_only_no_formal_replay_or_llm_run
no_R,2026-W20,mourning,13.720000,1,14.720000,100,numerical_proxy_only_no_formal_replay_or_llm_run
no_R,2026-W21,mourning,12.620000,2,14.620000,100,numerical_proxy_only_no_formal_replay_or_llm_run
no_R,2026-W22,mourning,11.650000,2,13.650000,100,numerical_proxy_only_no_formal_replay_or_llm_run
no_R,2026-W12,education,7.710000,2,9.710000,100,numerical_proxy_only_no_formal_replay_or_llm_run
no_R,2026-W13,education,6.380000,4,10.380000,100,numerical_proxy_only_no_formal_replay_or_llm_run
no_R,2026-W14,education,10.800000,6,16.800000,100,numerical_proxy_only_no_formal_replay_or_llm_run
no_R,2026-W15,education,10.960000,6,16.960000,100,numerical_proxy_only_no_formal_replay_or_llm_run
no_R,2026-W16,education,11.960000,5,16.960000,100,numerical_proxy_only_no_formal_replay_or_llm_run
no_R,2026-W17,education,12.120000,4,16.120000,100,numerical_proxy_only_no_formal_replay_or_llm_run
no_R,2026-W18,education,12.400000,3,15.400000,100,numerical_proxy_only_no_formal_replay_or_llm_run
no_R,2026-W19,education,12.100000,4,16.100000,100,numerical_proxy_only_no_formal_replay_or_llm_run
no_R,2026-W20,education,12.200000,3,15.200000,100,numerical_proxy_only_no_formal_replay_or_llm_run
no_R,2026-W21,education,11.820000,2,13.820000,100,numerical_proxy_only_no_formal_replay_or_llm_run
no_R,2026-W22,education,10.780000,2,12.780000,100,numerical_proxy_only_no_formal_replay_or_llm_run
no_R,2026-W12,marketing,19.000000,13,32.000000,100,numerical_proxy_only_no_formal_replay_or_llm_run
no_R,2026-W13,marketing,14.760000,6,20.760000,100,numerical_proxy_only_no_formal_replay_or_llm_run
no_R,2026-W14,marketing,17.690000,8,25.690000,100,numerical_proxy_only_no_formal_replay_or_llm_run
no_R,2026-W15,marketing,16.500000,7,23.500000,100,numerical_proxy_only_no_formal_replay_or_llm_run
no_R,2026-W16,marketing,17.170000,7,24.170000,100,numerical_proxy_only_no_formal_replay_or_llm_run
no_R,2026-W17,marketing,17.050000,7,24.050000,100,numerical_proxy_only_no_formal_replay_or_llm_run
no_R,2026-W18,marketing,17.180000,7,24.180000,100,numerical_proxy_only_no_formal_replay_or_llm_run
no_R,2026-W19,marketing,17.350000,7,24.350000,100,numerical_proxy_only_no_formal_replay_or_llm_run
no_R,2026-W20,marketing,17.510000,6,23.510000,100,numerical_proxy_only_no_formal_replay_or_llm_run
no_R,2026-W21,marketing,17.110000,4,21.110000,100,numerical_proxy_only_no_formal_replay_or_llm_run
no_R,2026-W22,marketing,16.620000,4,20.620000,100,numerical_proxy_only_no_formal_replay_or_llm_run
no_R,2026-W12,other,0.000000,0,0.000000,100,numerical_proxy_only_no_formal_replay_or_llm_run
no_R,2026-W13,other,4.520000,8,12.520000,100,numerical_proxy_only_no_formal_replay_or_llm_run
no_R,2026-W14,other,5.610000,8,13.610000,100,numerical_proxy_only_no_formal_replay_or_llm_run
no_R,2026-W15,other,8.220000,5,13.220000,100,numerical_proxy_only_no_formal_replay_or_llm_run
no_R,2026-W16,other,9.030000,4,13.030000,100,numerical_proxy_only_no_formal_replay_or_llm_run
no_R,2026-W17,other,8.650000,4,12.650000,100,numerical_proxy_only_no_formal_replay_or_llm_run
no_R,2026-W18,other,9.230000,4,13.230000,100,numerical_proxy_only_no_formal_replay_or_llm_run
no_R,2026-W19,other,8.910000,3,11.910000,100,numerical_proxy_only_no_formal_replay_or_llm_run
no_R,2026-W20,other,7.710000,1,8.710000,100,numerical_proxy_only_no_formal_replay_or_llm_run
no_R,2026-W21,other,5.580000,1,6.580000,100,numerical_proxy_only_no_formal_replay_or_llm_run
no_R,2026-W22,other,3.220000,1,4.220000,100,numerical_proxy_only_no_formal_replay_or_llm_run
no_R,2026-W12,noise,0.000000,2,2.000000,100,numerical_proxy_only_no_formal_replay_or_llm_run
no_R,2026-W13,noise,0.000000,2,2.000000,100,numerical_proxy_only_no_formal_replay_or_llm_run
no_R,2026-W14,noise,0.000000,2,2.000000,100,numerical_proxy_only_no_formal_replay_or_llm_run
no_R,2026-W15,noise,0.000000,2,2.000000,100,numerical_proxy_only_no_formal_replay_or_llm_run
no_R,2026-W16,noise,0.000000,2,2.000000,100,numerical_proxy_only_no_formal_replay_or_llm_run
no_R,2026-W17,noise,0.000000,2,2.000000,100,numerical_proxy_only_no_formal_replay_or_llm_run
no_R,2026-W18,noise,0.000000,2,2.000000,100,numerical_proxy_only_no_formal_replay_or_llm_run
no_R,2026-W19,noise,0.000000,2,2.000000,100,numerical_proxy_only_no_formal_replay_or_llm_run
no_R,2026-W20,noise,0.000000,3,3.000000,100,numerical_proxy_only_no_formal_replay_or_llm_run
no_R,2026-W21,noise,0.000000,1,1.000000,100,numerical_proxy_only_no_formal_replay_or_llm_run
no_R,2026-W22,noise,0.000000,1,1.000000,100,numerical_proxy_only_no_formal_replay_or_llm_run
