condition,week,agent_type,mean_supply,sd_supply,ci95_low_supply,ci95_high_supply,mean_total_supply,sd_total_supply,ci95_low_total_supply,ci95_high_total_supply,mean_meme_share,sd_meme_share,ci95_low_meme_share,ci95_high_meme_share
full,2026-W12,meme,0,0.0,0.0,0.0,26.71,1.6510299815569673,26.386398123614835,27.033601876385166,0.0,0.0,0.0,0.0
full,2026-W12,mourning,0,0.0,0.0,0.0,26.71,1.6510299815569673,26.386398123614835,27.033601876385166,0.0,0.0,0.0,0.0
full,2026-W12,marketing,19,0.0,19.0,19.0,26.71,1.6510299815569673,26.386398123614835,27.033601876385166,0.0,0.0,0.0,0.0
full,2026-W12,education,7.71,1.6510299815569673,7.386398123614835,8.033601876385166,26.71,1.6510299815569673,26.386398123614835,27.033601876385166,0.0,0.0,0.0,0.0
full,2026-W12,other,0,0.0,0.0,0.0,26.71,1.6510299815569673,26.386398123614835,27.033601876385166,0.0,0.0,0.0,0.0
full,2026-W13,meme,0,0.0,0.0,0.0,42.74,2.394243095427029,42.270728353296306,43.2092716467037,0.0,0.0,0.0,0.0
full,2026-W13,mourning,22,0.0,22.0,22.0,42.74,2.394243095427029,42.270728353296306,43.2092716467037,0.0,0.0,0.0,0.0
full,2026-W13,marketing,10.53,1.117631424039249,10.310944240888306,10.749055759111693,42.74,2.394243095427029,42.270728353296306,43.2092716467037,0.0,0.0,0.0,0.0
full,2026-W13,education,5.69,1.3243488966280752,5.430427616260897,5.9495723837391035,42.74,2.394243095427029,42.270728353296306,43.2092716467037,0.0,0.0,0.0,0.0
full,2026-W13,other,4.52,1.6092234151913152,4.2045922106225015,4.835407789377498,42.74,2.394243095427029,42.270728353296306,43.2092716467037,0.0,0.0,0.0,0.0
full,2026-W14,meme,0,0.0,0.0,0.0,33.54,2.8858967410494785,32.974364238754305,34.10563576124569,0.0,0.0,0.0,0.0
full,2026-W14,mourning,9.1,1.711724276862369,8.764502041734975,9.435497958265024,33.54,2.8858967410494785,32.974364238754305,34.10563576124569,0.0,0.0,0.0,0.0
full,2026-W14,marketing,11.2,0.8246211251235321,11.038374259475788,11.361625740524211,33.54,2.8858967410494785,32.974364238754305,34.10563576124569,0.0,0.0,0.0,0.0
full,2026-W14,education,8.21,1.5119193100162456,7.913663815236816,8.506336184763185,33.54,2.8858967410494785,32.974364238754305,34.10563576124569,0.0,0.0,0.0,0.0
full,2026-W14,other,5.03,1.6819928656210168,4.700329398338281,5.35967060166172,33.54,2.8858967410494785,32.974364238754305,34.10563576124569,0.0,0.0,0.0,0.0
full,2026-W15,meme,0.06,0.27640549922170504,0.005824522152545808,0.11417547784745419,24.51,2.8512979500571314,23.951145601788802,25.0688543982112,0.002310782972569015,0.01107642973252149,0.0001398027449948029,0.004481763200143226
full,2026-W15,mourning,5.35,1.2196310917650468,5.110952306014051,5.589047693985949,24.51,2.8512979500571314,23.951145601788802,25.0688543982112,0.002310782972569015,0.01107642973252149,0.0001398027449948029,0.004481763200143226
full,2026-W15,marketing,7.79,1.070467187726929,7.580188431205522,7.999811568794478,24.51,2.8512979500571314,23.951145601788802,25.0688543982112,0.002310782972569015,0.01107642973252149,0.0001398027449948029,0.004481763200143226
full,2026-W15,education,5.72,1.175414820393209,5.489618695202931,5.950381304797069,24.51,2.8512979500571314,23.951145601788802,25.0688543982112,0.002310782972569015,0.01107642973252149,0.0001398027449948029,0.004481763200143226
full,2026-W15,other,5.59,1.9292226413765727,5.211872362290191,5.9681276377098085,24.51,2.8512979500571314,23.951145601788802,25.0688543982112,0.002310782972569015,0.01107642973252149,0.0001398027449948029,0.004481763200143226
full,2026-W16,meme,0.28,0.530659966456864,0.17599064657445468,0.3840093534255454,18.07,2.680503684011645,17.544621277933718,18.595378722066283,0.014962087562457734,0.027629051051942775,0.00954679355627695,0.020377381568638518
full,2026-W16,mourning,1.89,1.0667239567948215,1.680922104468215,2.099077895531785,18.07,2.680503684011645,17.544621277933718,18.595378722066283,0.014962087562457734,0.027629051051942775,0.00954679355627695,0.020377381568638518
full,2026-W16,marketing,6.35,0.9630680142129111,6.161238669214269,6.53876133078573,18.07,2.680503684011645,17.544621277933718,18.595378722066283,0.014962087562457734,0.027629051051942775,0.00954679355627695,0.020377381568638518
full,2026-W16,education,5.03,1.081249277456406,4.818075141618545,5.241924858381456,18.07,2.680503684011645,17.544621277933718,18.595378722066283,0.014962087562457734,0.027629051051942775,0.00954679355627695,0.020377381568638518
full,2026-W16,other,4.52,1.5967466924969658,4.207037648270594,4.832962351729405,18.07,2.680503684011645,17.544621277933718,18.595378722066283,0.014962087562457734,0.027629051051942775,0.00954679355627695,0.020377381568638518
full,2026-W17,meme,0.22,0.5929586832149437,0.10378009808987104,0.33621990191012896,11.88,2.155365398256175,11.457548381941791,12.30245161805821,0.01746638084138084,0.047216642756479674,0.008211918861110824,0.026720842821650857
full,2026-W17,mourning,0.66,0.6814690014960328,0.5264320757067775,0.7935679242932225,11.88,2.155365398256175,11.457548381941791,12.30245161805821,0.01746638084138084,0.047216642756479674,0.008211918861110824,0.026720842821650857
full,2026-W17,marketing,4.86,0.7748548251124207,4.708128454277966,5.011871545722035,11.88,2.155365398256175,11.457548381941791,12.30245161805821,0.01746638084138084,0.047216642756479674,0.008211918861110824,0.026720842821650857
full,2026-W17,education,3.41,1.1233432244866215,3.1898247280006222,3.630175271999378,11.88,2.155365398256175,11.457548381941791,12.30245161805821,0.01746638084138084,0.047216642756479674,0.008211918861110824,0.026720842821650857
full,2026-W17,other,2.73,1.5482570845954493,2.426541611419292,3.033458388580708,11.88,2.155365398256175,11.457548381941791,12.30245161805821,0.01746638084138084,0.047216642756479674,0.008211918861110824,0.026720842821650857
full,2026-W18,meme,0.22,0.7426977851050857,0.0744312341194032,0.36556876588059684,8.49,1.646177390198274,8.167349231521138,8.812650768478862,0.021975552225552225,0.06834754426225684,0.008579433550149885,0.03537167090095457
full,2026-W18,mourning,0.21,0.431161222746202,0.12549240034174441,0.29450759965825557,8.49,1.646177390198274,8.167349231521138,8.812650768478862,0.021975552225552225,0.06834754426225684,0.008579433550149885,0.03537167090095457
full,2026-W18,marketing,4.17,0.6489221833163049,4.042811252070004,4.2971887479299955,8.49,1.646177390198274,8.167349231521138,8.812650768478862,0.021975552225552225,0.06834754426225684,0.008579433550149885,0.03537167090095457
full,2026-W18,education,2.59,0.9283856957105705,2.408036403640728,2.7719635963592717,8.49,1.646177390198274,8.167349231521138,8.812650768478862,0.021975552225552225,0.06834754426225684,0.008579433550149885,0.03537167090095457
full,2026-W18,other,1.3,1.1704699910719625,1.0705878817498955,1.5294121182501046,8.49,1.646177390198274,8.167349231521138,8.812650768478862,0.021975552225552225,0.06834754426225684,0.008579433550149885,0.03537167090095457
full,2026-W19,meme,0.51,1.7691523393987303,0.16324614147784888,0.8567538585221511,6.34,2.14578656906972,5.919425832462335,6.760574167537665,0.04414453601953602,0.13193903556608125,0.01828448504858409,0.07000458699048795
full,2026-W19,mourning,0.09,0.2861817604250837,0.03390837495668359,0.1460916250433164,6.34,2.14578656906972,5.919425832462335,6.760574167537665,0.04414453601953602,0.13193903556608125,0.01828448504858409,0.07000458699048795
full,2026-W19,marketing,3.8,0.4898979485566356,3.7039800020828992,3.8960199979171004,6.34,2.14578656906972,5.919425832462335,6.760574167537665,0.04414453601953602,0.13193903556608125,0.01828448504858409,0.07000458699048795
full,2026-W19,education,1.58,0.8268010643437755,1.41794699138862,1.7420530086113801,6.34,2.14578656906972,5.919425832462335,6.760574167537665,0.04414453601953602,0.13193903556608125,0.01828448504858409,0.07000458699048795
full,2026-W19,other,0.36,0.5919459434779497,0.24397859507832184,0.4760214049216781,6.34,2.14578656906972,5.919425832462335,6.760574167537665,0.04414453601953602,0.13193903556608125,0.01828448504858409,0.07000458699048795
full,2026-W20,meme,9.83,2.4659886455537463,9.346666225471466,10.313333774528534,14.03,2.647470490864818,13.511095783790495,14.548904216209504,0.6951879441078358,0.06886151820478781,0.6816910865396973,0.7086848016759743
full,2026-W20,mourning,0.01,0.099498743710662,-0.009501753767289753,0.02950175376728975,14.03,2.647470490864818,13.511095783790495,14.548904216209504,0.6951879441078358,0.06886151820478781,0.6816910865396973,0.7086848016759743
full,2026-W20,marketing,3.29,0.47528938553264577,3.1968432804356013,3.383156719564399,14.03,2.647470490864818,13.511095783790495,14.548904216209504,0.6951879441078358,0.06886151820478781,0.6816910865396973,0.7086848016759743
full,2026-W20,education,0.86,0.7351190379795642,0.7159166685560054,1.0040833314439945,14.03,2.647470490864818,13.511095783790495,14.548904216209504,0.6951879441078358,0.06886151820478781,0.6816910865396973,0.7086848016759743
full,2026-W20,other,0.04,0.19595917942265426,0.0015920008331597665,0.07840799916684024,14.03,2.647470490864818,13.511095783790495,14.548904216209504,0.6951879441078358,0.06886151820478781,0.6816910865396973,0.7086848016759743
full,2026-W21,meme,18.57,0.5874521257089806,18.45485938336104,18.68514061663896,22.09,0.8496469855181032,21.923469190838453,22.256530809161546,0.8412238377564465,0.025098354821845626,0.8363045602113648,0.8461431153015282
full,2026-W21,mourning,0.01,0.099498743710662,-0.009501753767289753,0.02950175376728975,22.09,0.8496469855181032,21.923469190838453,22.256530809161546,0.8412238377564465,0.025098354821845626,0.8363045602113648,0.8461431153015282
full,2026-W21,marketing,3.07,0.2551470164434615,3.0199911847770813,3.1200088152229184,22.09,0.8496469855181032,21.923469190838453,22.256530809161546,0.8412238377564465,0.025098354821845626,0.8363045602113648,0.8461431153015282
full,2026-W21,education,0.44,0.6053098380168622,0.32135927174869505,0.558640728251305,22.09,0.8496469855181032,21.923469190838453,22.256530809161546,0.8412238377564465,0.025098354821845626,0.8363045602113648,0.8461431153015282
full,2026-W21,other,0,0.0,0.0,0.0,22.09,0.8496469855181032,21.923469190838453,22.256530809161546,0.8412238377564465,0.025098354821845626,0.8363045602113648,0.8461431153015282
full,2026-W22,meme,17.61,1.5613775968675867,17.303969991013954,17.916030008986045,20.77,1.5417846801677593,20.46781020268712,21.07218979731288,0.8469092598223033,0.023309712969681852,0.8423405560802456,0.8514779635643609
full,2026-W22,mourning,0.04,0.19595917942265426,0.0015920008331597665,0.07840799916684024,20.77,1.5417846801677593,20.46781020268712,21.07218979731288,0.8469092598223033,0.023309712969681852,0.8423405560802456,0.8514779635643609
full,2026-W22,marketing,3,0.0,3.0,3.0,20.77,1.5417846801677593,20.46781020268712,21.07218979731288,0.8469092598223033,0.023309712969681852,0.8423405560802456,0.8514779635643609
full,2026-W22,education,0.12,0.354400902933387,0.05053742302505615,0.18946257697494384,20.77,1.5417846801677593,20.46781020268712,21.07218979731288,0.8469092598223033,0.023309712969681852,0.8423405560802456,0.8514779635643609
full,2026-W22,other,0,0.0,0.0,0.0,20.77,1.5417846801677593,20.46781020268712,21.07218979731288,0.8469092598223033,0.023309712969681852,0.8423405560802456,0.8514779635643609
no_B,2026-W12,meme,0,0.0,0.0,0.0,26.71,1.6510299815569673,26.386398123614835,27.033601876385166,0.0,0.0,0.0,0.0
no_B,2026-W12,mourning,0,0.0,0.0,0.0,26.71,1.6510299815569673,26.386398123614835,27.033601876385166,0.0,0.0,0.0,0.0
no_B,2026-W12,marketing,19,0.0,19.0,19.0,26.71,1.6510299815569673,26.386398123614835,27.033601876385166,0.0,0.0,0.0,0.0
no_B,2026-W12,education,7.71,1.6510299815569673,7.386398123614835,8.033601876385166,26.71,1.6510299815569673,26.386398123614835,27.033601876385166,0.0,0.0,0.0,0.0
no_B,2026-W12,other,0,0.0,0.0,0.0,26.71,1.6510299815569673,26.386398123614835,27.033601876385166,0.0,0.0,0.0,0.0
no_B,2026-W13,meme,0,0.0,0.0,0.0,28.54,2.132697822008547,28.121991226886323,28.958008773113676,0.0,0.0,0.0,0.0
no_B,2026-W13,mourning,22,0.0,22.0,22.0,28.54,2.132697822008547,28.121991226886323,28.958008773113676,0.0,0.0,0.0,0.0
no_B,2026-W13,marketing,0,0.0,0.0,0.0,28.54,2.132697822008547,28.121991226886323,28.958008773113676,0.0,0.0,0.0,0.0
no_B,2026-W13,education,2.02,1.1830469136936201,1.7881228049160505,2.2518771950839493,28.54,2.132697822008547,28.121991226886323,28.958008773113676,0.0,0.0,0.0,0.0
no_B,2026-W13,other,4.52,1.6092234151913152,4.2045922106225015,4.835407789377498,28.54,2.132697822008547,28.121991226886323,28.958008773113676,0.0,0.0,0.0,0.0
no_B,2026-W14,meme,0,0.0,0.0,0.0,4.42,1.7215109642404256,4.082583851008876,4.7574161489911235,0.0,0.0,0.0,0.0
no_B,2026-W14,mourning,0,0.0,0.0,0.0,4.42,1.7215109642404256,4.082583851008876,4.7574161489911235,0.0,0.0,0.0,0.0
no_B,2026-W14,marketing,0,0.0,0.0,0.0,4.42,1.7215109642404256,4.082583851008876,4.7574161489911235,0.0,0.0,0.0,0.0
no_B,2026-W14,education,2.4,1.1224972160321824,2.179990545657692,2.620009454342308,4.42,1.7215109642404256,4.082583851008876,4.7574161489911235,0.0,0.0,0.0,0.0
no_B,2026-W14,other,2.02,1.303687079018581,1.7644773325123582,2.275522667487642,4.42,1.7215109642404256,4.082583851008876,4.7574161489911235,0.0,0.0,0.0,0.0
no_B,2026-W15,meme,0.12,0.32496153618543844,0.05630753890765407,0.18369246109234594,1.69,1.293792873685738,1.4364165967575953,1.9435834032424046,0.0475,0.14778691492220217,0.018533764675248372,0.07646623532475164
no_B,2026-W15,mourning,0,0.0,0.0,0.0,1.69,1.293792873685738,1.4364165967575953,1.9435834032424046,0.0475,0.14778691492220217,0.018533764675248372,0.07646623532475164
no_B,2026-W15,marketing,0,0.0,0.0,0.0,1.69,1.293792873685738,1.4364165967575953,1.9435834032424046,0.0475,0.14778691492220217,0.018533764675248372,0.07646623532475164
no_B,2026-W15,education,0.6,0.7745966692414834,0.4481790528286692,0.7518209471713307,1.69,1.293792873685738,1.4364165967575953,1.9435834032424046,0.0475,0.14778691492220217,0.018533764675248372,0.07646623532475164
no_B,2026-W15,other,0.97,0.9105492847726585,0.7915323401845589,1.148467659815441,1.69,1.293792873685738,1.4364165967575953,1.9435834032424046,0.0475,0.14778691492220217,0.018533764675248372,0.07646623532475164
no_B,2026-W16,meme,0.57,0.7906326580656784,0.41503599901912697,0.7249640009808729,0.87,0.9965440281292142,0.674677370486674,1.065322629513326,0.3375,0.43658634757501164,0.2519290758752978,0.42307092412470226
no_B,2026-W16,mourning,0,0.0,0.0,0.0,0.87,0.9965440281292142,0.674677370486674,1.065322629513326,0.3375,0.43658634757501164,0.2519290758752978,0.42307092412470226
no_B,2026-W16,marketing,0,0.0,0.0,0.0,0.87,0.9965440281292142,0.674677370486674,1.065322629513326,0.3375,0.43658634757501164,0.2519290758752978,0.42307092412470226
no_B,2026-W16,education,0.17,0.4255584566190643,0.08659054250266342,0.2534094574973366,0.87,0.9965440281292142,0.674677370486674,1.065322629513326,0.3375,0.43658634757501164,0.2519290758752978,0.42307092412470226
no_B,2026-W16,other,0.13,0.33630343441600474,0.06408452685446307,0.19591547314553692,0.87,0.9965440281292142,0.674677370486674,1.065322629513326,0.3375,0.43658634757501164,0.2519290758752978,0.42307092412470226
no_B,2026-W17,meme,0.85,1.2114041439585717,0.6125647877841199,1.0874352122158801,0.87,1.230081298126266,0.6289040655672518,1.1110959344327482,0.4475,0.4953471005264894,0.3504119682968081,0.5445880317031919
no_B,2026-W17,mourning,0,0.0,0.0,0.0,0.87,1.230081298126266,0.6289040655672518,1.1110959344327482,0.4475,0.4953471005264894,0.3504119682968081,0.5445880317031919
no_B,2026-W17,marketing,0,0.0,0.0,0.0,0.87,1.230081298126266,0.6289040655672518,1.1110959344327482,0.4475,0.4953471005264894,0.3504119682968081,0.5445880317031919
no_B,2026-W17,education,0,0.0,0.0,0.0,0.87,1.230081298126266,0.6289040655672518,1.1110959344327482,0.4475,0.4953471005264894,0.3504119682968081,0.5445880317031919
no_B,2026-W17,other,0.02,0.14,-0.007440000000000002,0.04744,0.87,1.230081298126266,0.6289040655672518,1.1110959344327482,0.4475,0.4953471005264894,0.3504119682968081,0.5445880317031919
no_B,2026-W18,meme,0.96,1.7141761869772896,0.6240214673524512,1.2959785326475486,0.96,1.7141761869772896,0.6240214673524512,1.2959785326475486,0.34,0.4737087712930804,0.24715308082655627,0.43284691917344376
no_B,2026-W18,mourning,0,0.0,0.0,0.0,0.96,1.7141761869772896,0.6240214673524512,1.2959785326475486,0.34,0.4737087712930804,0.24715308082655627,0.43284691917344376
no_B,2026-W18,marketing,0,0.0,0.0,0.0,0.96,1.7141761869772896,0.6240214673524512,1.2959785326475486,0.34,0.4737087712930804,0.24715308082655627,0.43284691917344376
no_B,2026-W18,education,0,0.0,0.0,0.0,0.96,1.7141761869772896,0.6240214673524512,1.2959785326475486,0.34,0.4737087712930804,0.24715308082655627,0.43284691917344376
no_B,2026-W18,other,0,0.0,0.0,0.0,0.96,1.7141761869772896,0.6240214673524512,1.2959785326475486,0.34,0.4737087712930804,0.24715308082655627,0.43284691917344376
no_B,2026-W19,meme,1.34,2.1550870052041984,0.9176029469799771,1.762397053020023,1.34,2.1550870052041984,0.9176029469799771,1.762397053020023,0.36,0.48,0.26592,0.45408
no_B,2026-W19,mourning,0,0.0,0.0,0.0,1.34,2.1550870052041984,0.9176029469799771,1.762397053020023,0.36,0.48,0.26592,0.45408
no_B,2026-W19,marketing,0,0.0,0.0,0.0,1.34,2.1550870052041984,0.9176029469799771,1.762397053020023,0.36,0.48,0.26592,0.45408
no_B,2026-W19,education,0,0.0,0.0,0.0,1.34,2.1550870052041984,0.9176029469799771,1.762397053020023,0.36,0.48,0.26592,0.45408
no_B,2026-W19,other,0,0.0,0.0,0.0,1.34,2.1550870052041984,0.9176029469799771,1.762397053020023,0.36,0.48,0.26592,0.45408
no_B,2026-W20,meme,8.66,2.425778225642237,8.184547467774122,9.135452532225878,8.66,2.425778225642237,8.184547467774122,9.135452532225878,1.0,0.0,1.0,1.0
no_B,2026-W20,mourning,0,0.0,0.0,0.0,8.66,2.425778225642237,8.184547467774122,9.135452532225878,1.0,0.0,1.0,1.0
no_B,2026-W20,marketing,0,0.0,0.0,0.0,8.66,2.425778225642237,8.184547467774122,9.135452532225878,1.0,0.0,1.0,1.0
no_B,2026-W20,education,0,0.0,0.0,0.0,8.66,2.425778225642237,8.184547467774122,9.135452532225878,1.0,0.0,1.0,1.0
no_B,2026-W20,other,0,0.0,0.0,0.0,8.66,2.425778225642237,8.184547467774122,9.135452532225878,1.0,0.0,1.0,1.0
no_B,2026-W21,meme,10.89,5.037648260845531,9.902620940874277,11.877379059125724,10.89,5.037648260845531,9.902620940874277,11.877379059125724,0.95,0.21794494717703367,0.9072827903533014,0.9927172096466985
no_B,2026-W21,mourning,0,0.0,0.0,0.0,10.89,5.037648260845531,9.902620940874277,11.877379059125724,0.95,0.21794494717703367,0.9072827903533014,0.9927172096466985
no_B,2026-W21,marketing,0,0.0,0.0,0.0,10.89,5.037648260845531,9.902620940874277,11.877379059125724,0.95,0.21794494717703367,0.9072827903533014,0.9927172096466985
no_B,2026-W21,education,0,0.0,0.0,0.0,10.89,5.037648260845531,9.902620940874277,11.877379059125724,0.95,0.21794494717703367,0.9072827903533014,0.9927172096466985
no_B,2026-W21,other,0,0.0,0.0,0.0,10.89,5.037648260845531,9.902620940874277,11.877379059125724,0.95,0.21794494717703367,0.9072827903533014,0.9927172096466985
no_B,2026-W22,meme,1.3,1.0723805294763609,1.0898134162226334,1.5101865837773667,1.3,1.0723805294763609,1.0898134162226334,1.5101865837773667,0.73,0.4439594576084623,0.6429839463087413,0.8170160536912586
no_B,2026-W22,mourning,0,0.0,0.0,0.0,1.3,1.0723805294763609,1.0898134162226334,1.5101865837773667,0.73,0.4439594576084623,0.6429839463087413,0.8170160536912586
no_B,2026-W22,marketing,0,0.0,0.0,0.0,1.3,1.0723805294763609,1.0898134162226334,1.5101865837773667,0.73,0.4439594576084623,0.6429839463087413,0.8170160536912586
no_B,2026-W22,education,0,0.0,0.0,0.0,1.3,1.0723805294763609,1.0898134162226334,1.5101865837773667,0.73,0.4439594576084623,0.6429839463087413,0.8170160536912586
no_B,2026-W22,other,0,0.0,0.0,0.0,1.3,1.0723805294763609,1.0898134162226334,1.5101865837773667,0.73,0.4439594576084623,0.6429839463087413,0.8170160536912586
no_D,2026-W12,meme,12,0.0,12.0,12.0,63,0.0,63.0,63.0,0.19047619047619047,0.0,0.19047619047619047,0.19047619047619047
no_D,2026-W12,mourning,12,0.0,12.0,12.0,63,0.0,63.0,63.0,0.19047619047619047,0.0,0.19047619047619047,0.19047619047619047
no_D,2026-W12,marketing,15,0.0,15.0,15.0,63,0.0,63.0,63.0,0.19047619047619047,0.0,0.19047619047619047,0.19047619047619047
no_D,2026-W12,education,9,0.0,9.0,9.0,63,0.0,63.0,63.0,0.19047619047619047,0.0,0.19047619047619047,0.19047619047619047
no_D,2026-W12,other,15,0.0,15.0,15.0,63,0.0,63.0,63.0,0.19047619047619047,0.0,0.19047619047619047,0.19047619047619047
no_D,2026-W13,meme,12,0.0,12.0,12.0,56.57,1.088622983406101,56.356629895252404,56.7833701047476,0.21220566434771732,0.004111743704083641,0.21139976258171692,0.21301156611371772
no_D,2026-W13,mourning,12,0.0,12.0,12.0,56.57,1.088622983406101,56.356629895252404,56.7833701047476,0.21220566434771732,0.004111743704083641,0.21139976258171692,0.21301156611371772
no_D,2026-W13,marketing,10.62,0.7180529228406497,10.479261627123233,10.760738372876766,56.57,1.088622983406101,56.356629895252404,56.7833701047476,0.21220566434771732,0.004111743704083641,0.21139976258171692,0.21301156611371772
no_D,2026-W13,education,6.95,0.7262919523166975,6.807646777345927,7.092353222654073,56.57,1.088622983406101,56.356629895252404,56.7833701047476,0.21220566434771732,0.004111743704083641,0.21139976258171692,0.21301156611371772
no_D,2026-W13,other,15,0.0,15.0,15.0,56.57,1.088622983406101,56.356629895252404,56.7833701047476,0.21220566434771732,0.004111743704083641,0.21139976258171692,0.21301156611371772
no_D,2026-W14,meme,10.86,0.7213875518748574,10.718608039832528,11.00139196016747,42.54,1.6273905493150684,42.221031452334245,42.858968547665754,0.25540234796733235,0.016069037692890246,0.25225281657952586,0.25855187935513885
no_D,2026-W14,mourning,3.96,0.19595917942265426,3.9215920008331597,3.99840799916684,42.54,1.6273905493150684,42.221031452334245,42.858968547665754,0.25540234796733235,0.016069037692890246,0.25225281657952586,0.25855187935513885
no_D,2026-W14,marketing,9.19,0.7961783719745218,9.033949039092994,9.346050960907005,42.54,1.6273905493150684,42.221031452334245,42.858968547665754,0.25540234796733235,0.016069037692890246,0.25225281657952586,0.25855187935513885
no_D,2026-W14,education,6.49,0.7415524256584966,6.344655724570935,6.635344275429065,42.54,1.6273905493150684,42.221031452334245,42.858968547665754,0.25540234796733235,0.016069037692890246,0.25225281657952586,0.25855187935513885
no_D,2026-W14,other,12.04,1.1217842929904127,11.820130278573878,12.25986972142612,42.54,1.6273905493150684,42.221031452334245,42.858968547665754,0.25540234796733235,0.016069037692890246,0.25225281657952586,0.25855187935513885
no_D,2026-W15,meme,7.69,1.0362914647916386,7.486886872900839,7.893113127099162,28.76,2.0981896959045434,28.34875481960271,29.171245180397293,0.26769865333014337,0.03298954472503804,0.2612327025640359,0.2741646040962508
no_D,2026-W15,mourning,2.49,0.6999285677838847,2.3528140007143588,2.6271859992856417,28.76,2.0981896959045434,28.34875481960271,29.171245180397293,0.26769865333014337,0.03298954472503804,0.2612327025640359,0.2741646040962508
no_D,2026-W15,marketing,7.03,0.6396092557178953,6.904636585879293,7.155363414120708,28.76,2.0981896959045434,28.34875481960271,29.171245180397293,0.26769865333014337,0.03298954472503804,0.2612327025640359,0.2741646040962508
no_D,2026-W15,education,5.39,0.6307931515164064,5.266364542302784,5.513635457697215,28.76,2.0981896959045434,28.34875481960271,29.171245180397293,0.26769865333014337,0.03298954472503804,0.2612327025640359,0.2741646040962508
no_D,2026-W15,other,6.16,1.3469966592386189,5.895988654789231,6.424011345210769,28.76,2.0981896959045434,28.34875481960271,29.171245180397293,0.26769865333014337,0.03298954472503804,0.2612327025640359,0.2741646040962508
no_D,2026-W16,meme,6.08,0.7573638491504595,5.93155668556651,6.22844331443349,19.79,1.8989207461081676,19.417811533762798,20.1621884662372,0.3082240681190304,0.03559698825627925,0.3012470584207997,0.31520107781726114
no_D,2026-W16,mourning,1.56,0.6216108107168021,1.4381642810995068,1.6818357189004933,19.79,1.8989207461081676,19.417811533762798,20.1621884662372,0.3082240681190304,0.03559698825627925,0.3012470584207997,0.31520107781726114
no_D,2026-W16,marketing,5.95,0.7123903424387503,5.810371492882005,6.089628507117995,19.79,1.8989207461081676,19.417811533762798,20.1621884662372,0.3082240681190304,0.03559698825627925,0.3012470584207997,0.31520107781726114
no_D,2026-W16,education,4.22,0.756042326857432,4.071815703935943,4.368184296064056,19.79,1.8989207461081676,19.417811533762798,20.1621884662372,0.3082240681190304,0.03559698825627925,0.3012470584207997,0.31520107781726114
no_D,2026-W16,other,1.98,1.1830469136936201,1.7481228049160504,2.2118771950839493,19.79,1.8989207461081676,19.417811533762798,20.1621884662372,0.3082240681190304,0.03559698825627925,0.3012470584207997,0.31520107781726114
no_D,2026-W17,meme,4.91,0.762823701781742,4.760486554450779,5.0595134455492214,14.96,1.4759403781996074,14.670715685872878,15.249284314127124,0.32911784457372695,0.04641774294347579,0.3200199669568057,0.3382157221906482
no_D,2026-W17,mourning,1.26,0.482078831727758,1.1655125489813594,1.3544874510186407,14.96,1.4759403781996074,14.670715685872878,15.249284314127124,0.32911784457372695,0.04641774294347579,0.3200199669568057,0.3382157221906482
no_D,2026-W17,marketing,5,0.6324555320336759,4.8760387157214,5.1239612842786,14.96,1.4759403781996074,14.670715685872878,15.249284314127124,0.32911784457372695,0.04641774294347579,0.3200199669568057,0.3382157221906482
no_D,2026-W17,education,3.15,0.7399324293474371,3.0049732438479024,3.2950267561520974,14.96,1.4759403781996074,14.670715685872878,15.249284314127124,0.32911784457372695,0.04641774294347579,0.3200199669568057,0.3382157221906482
no_D,2026-W17,other,0.64,0.8309031231136396,0.47714298786972664,0.8028570121302734,14.96,1.4759403781996074,14.670715685872878,15.249284314127124,0.32911784457372695,0.04641774294347579,0.3200199669568057,0.3382157221906482
no_D,2026-W18,meme,3.96,0.8708616422830896,3.7893111181125145,4.130688881887486,11.92,1.4878171930717832,11.62838783015793,12.21161216984207,0.33166346153846155,0.05859086696803744,0.3201796516127262,0.3431472714641969
no_D,2026-W18,mourning,1.07,0.43023249528597907,0.9856744309239481,1.1543255690760519,11.92,1.4878171930717832,11.62838783015793,12.21161216984207,0.33166346153846155,0.05859086696803744,0.3201796516127262,0.3431472714641969
no_D,2026-W18,marketing,4.33,0.6173329733620261,4.209002737221043,4.450997262778957,11.92,1.4878171930717832,11.62838783015793,12.21161216984207,0.33166346153846155,0.05859086696803744,0.3201796516127262,0.3431472714641969
no_D,2026-W18,education,2.32,0.7984985911070852,2.163494276143011,2.4765057238569885,11.92,1.4878171930717832,11.62838783015793,12.21161216984207,0.33166346153846155,0.05859086696803744,0.3201796516127262,0.3431472714641969
no_D,2026-W18,other,0.24,0.49234134500364685,0.1435010963792852,0.3364989036207148,11.92,1.4878171930717832,11.62838783015793,12.21161216984207,0.33166346153846155,0.05859086696803744,0.3201796516127262,0.3431472714641969
no_D,2026-W19,meme,3.24,0.7631513611335565,3.0904223332178233,3.389577666782177,9.37,1.1717934971657762,9.140328474555506,9.599671525444492,0.3453008658008658,0.06661881837452409,0.33224357739945903,0.3583581542022725
no_D,2026-W19,mourning,0.86,0.42473521163190603,0.7767518985201464,0.9432481014798536,9.37,1.1717934971657762,9.140328474555506,9.599671525444492,0.3453008658008658,0.06661881837452409,0.33224357739945903,0.3583581542022725
no_D,2026-W19,marketing,3.69,0.5038849074937649,3.591238558131222,3.788761441868778,9.37,1.1717934971657762,9.140328474555506,9.599671525444492,0.3453008658008658,0.06661881837452409,0.33224357739945903,0.3583581542022725
no_D,2026-W19,education,1.52,0.7547184905645283,1.3720751758493526,1.6679248241506475,9.37,1.1717934971657762,9.140328474555506,9.599671525444492,0.3453008658008658,0.06661881837452409,0.33224357739945903,0.3583581542022725
no_D,2026-W19,other,0.06,0.23748684174075835,0.013452579018811361,0.10654742098118863,9.37,1.1717934971657762,9.140328474555506,9.599671525444492,0.3453008658008658,0.06661881837452409,0.33224357739945903,0.3583581542022725
no_D,2026-W20,meme,2.59,0.6339558344238185,2.4657446564529315,2.714255343547068,7.5,1.2288205727444508,7.259151167742088,7.740848832257912,0.3464628427128427,0.0657559832306817,0.3335746699996291,0.35935101542605635
no_D,2026-W20,mourning,0.71,0.49588305072869754,0.6128069220571752,0.8071930779428247,7.5,1.2288205727444508,7.259151167742088,7.740848832257912,0.3464628427128427,0.0657559832306817,0.3335746699996291,0.35935101542605635
no_D,2026-W20,marketing,3.24,0.4270831300812524,3.1562917065040748,3.3237082934959257,7.5,1.2288205727444508,7.259151167742088,7.740848832257912,0.3464628427128427,0.0657559832306817,0.3335746699996291,0.35935101542605635
no_D,2026-W20,education,0.94,0.7592101158440923,0.7911948172945579,1.0888051827054421,7.5,1.2288205727444508,7.259151167742088,7.740848832257912,0.3464628427128427,0.0657559832306817,0.3335746699996291,0.35935101542605635
no_D,2026-W20,other,0.02,0.14,-0.007440000000000002,0.04744,7.5,1.2288205727444508,7.259151167742088,7.740848832257912,0.3464628427128427,0.0657559832306817,0.3335746699996291,0.35935101542605635
no_D,2026-W21,meme,1.97,0.5187484939737175,1.8683252951811513,2.0716747048188484,6.13,1.0644716999526103,5.921363546809288,6.338636453190712,0.3224166666666667,0.0709641758732504,0.3085076881955096,0.33632564513782376
no_D,2026-W21,mourning,0.54,0.5180733538795448,0.43845762263960925,0.6415423773603908,6.13,1.0644716999526103,5.921363546809288,6.338636453190712,0.3224166666666667,0.0709641758732504,0.3085076881955096,0.33632564513782376
no_D,2026-W21,marketing,3.06,0.23748684174075835,3.0134525790188116,3.1065474209811885,6.13,1.0644716999526103,5.921363546809288,6.338636453190712,0.3224166666666667,0.0709641758732504,0.3085076881955096,0.33632564513782376
no_D,2026-W21,education,0.54,0.6390618123468182,0.41474388478002366,0.6652561152199764,6.13,1.0644716999526103,5.921363546809288,6.338636453190712,0.3224166666666667,0.0709641758732504,0.3085076881955096,0.33632564513782376
no_D,2026-W21,other,0.02,0.14,-0.007440000000000002,0.04744,6.13,1.0644716999526103,5.921363546809288,6.338636453190712,0.3224166666666667,0.0709641758732504,0.3085076881955096,0.33632564513782376
no_D,2026-W22,meme,1.35,0.47696960070847283,1.2565139582611393,1.4434860417388609,5.13,0.8792610533851707,4.957664833536507,5.302335166463493,0.26176190476190475,0.07325043242425355,0.24740482000675107,0.27611898951705843
no_D,2026-W22,mourning,0.49,0.5195190083144215,0.3881742743703734,0.5918257256296267,5.13,0.8792610533851707,4.957664833536507,5.302335166463493,0.26176190476190475,0.07325043242425355,0.24740482000675107,0.27611898951705843
no_D,2026-W22,marketing,3,0.0,3.0,3.0,5.13,0.8792610533851707,4.957664833536507,5.302335166463493,0.26176190476190475,0.07325043242425355,0.24740482000675107,0.27611898951705843
no_D,2026-W22,education,0.27,0.48692915295759404,0.17456188602031159,0.36543811397968845,5.13,0.8792610533851707,4.957664833536507,5.302335166463493,0.26176190476190475,0.07325043242425355,0.24740482000675107,0.27611898951705843
no_D,2026-W22,other,0.02,0.14,-0.007440000000000002,0.04744,5.13,0.8792610533851707,4.957664833536507,5.302335166463493,0.26176190476190475,0.07325043242425355,0.24740482000675107,0.27611898951705843
no_R,2026-W12,meme,0,0.0,0.0,0.0,26.71,1.6510299815569673,26.386398123614835,27.033601876385166,0.0,0.0,0.0,0.0
no_R,2026-W12,mourning,0,0.0,0.0,0.0,26.71,1.6510299815569673,26.386398123614835,27.033601876385166,0.0,0.0,0.0,0.0
no_R,2026-W12,marketing,19,0.0,19.0,19.0,26.71,1.6510299815569673,26.386398123614835,27.033601876385166,0.0,0.0,0.0,0.0
no_R,2026-W12,education,7.71,1.6510299815569673,7.386398123614835,8.033601876385166,26.71,1.6510299815569673,26.386398123614835,27.033601876385166,0.0,0.0,0.0,0.0
no_R,2026-W12,other,0,0.0,0.0,0.0,26.71,1.6510299815569673,26.386398123614835,27.033601876385166,0.0,0.0,0.0,0.0
no_R,2026-W13,meme,0,0.0,0.0,0.0,47.66,2.4626002517664127,47.17733035065378,48.14266964934621,0.0,0.0,0.0,0.0
no_R,2026-W13,mourning,22,0.0,22.0,22.0,47.66,2.4626002517664127,47.17733035065378,48.14266964934621,0.0,0.0,0.0,0.0
no_R,2026-W13,marketing,14.76,1.1056219968868202,14.543298088610182,14.976701911389817,47.66,2.4626002517664127,47.17733035065378,48.14266964934621,0.0,0.0,0.0,0.0
no_R,2026-W13,education,6.38,1.5412981541544777,6.077905561785722,6.6820944382142775,47.66,2.4626002517664127,47.17733035065378,48.14266964934621,0.0,0.0,0.0,0.0
no_R,2026-W13,other,4.52,1.6092234151913152,4.2045922106225015,4.835407789377498,47.66,2.4626002517664127,47.17733035065378,48.14266964934621,0.0,0.0,0.0,0.0
no_R,2026-W14,meme,0,0.0,0.0,0.0,51.18,3.536608544919836,50.48682472519571,51.87317527480429,0.0,0.0,0.0,0.0
no_R,2026-W14,mourning,17.08,2.033125672456083,16.681507368198606,17.47849263180139,51.18,3.536608544919836,50.48682472519571,51.87317527480429,0.0,0.0,0.0,0.0
no_R,2026-W14,marketing,17.69,0.9240670971309388,17.508882848962337,17.871117151037666,51.18,3.536608544919836,50.48682472519571,51.87317527480429,0.0,0.0,0.0,0.0
no_R,2026-W14,education,10.8,1.6431676725154984,10.477939136186963,11.122060863813038,51.18,3.536608544919836,50.48682472519571,51.87317527480429,0.0,0.0,0.0,0.0
no_R,2026-W14,other,5.61,2.1949715260112144,5.179785580901802,6.040214419098199,51.18,3.536608544919836,50.48682472519571,51.87317527480429,0.0,0.0,0.0,0.0
no_R,2026-W15,meme,0.06,0.23748684174075835,0.013452579018811361,0.10654742098118863,54.76,3.033545780106178,54.16542502709919,55.35457497290081,0.0010536325089453191,0.004178860417721297,0.00023457586707194495,0.0018726891508186933
no_R,2026-W15,mourning,19.02,1.483104851316993,18.729311449141868,19.31068855085813,54.76,3.033545780106178,54.16542502709919,55.35457497290081,0.0010536325089453191,0.004178860417721297,0.00023457586707194495,0.0018726891508186933
no_R,2026-W15,marketing,16.5,1.2206555615733703,16.26075150993162,16.73924849006838,54.76,3.033545780106178,54.16542502709919,55.35457497290081,0.0010536325089453191,0.004178860417721297,0.00023457586707194495,0.0018726891508186933
no_R,2026-W15,education,10.96,1.5615377036754508,10.653938610079612,11.26606138992039,54.76,3.033545780106178,54.16542502709919,55.35457497290081,0.0010536325089453191,0.004178860417721297,0.00023457586707194495,0.0018726891508186933
no_R,2026-W15,other,8.22,2.528161387253591,7.7244803680982965,8.715519631901705,54.76,3.033545780106178,54.16542502709919,55.35457497290081,0.0010536325089453191,0.004178860417721297,0.00023457586707194495,0.0018726891508186933
no_R,2026-W16,meme,0.22,0.43772137256478577,0.134206610977302,0.30579338902269804,55.17,3.441089943607984,54.49554637105284,55.844453628947164,0.003969219036396144,0.007902241656172964,0.0024203796717862432,0.005518058401006045
no_R,2026-W16,mourning,16.79,1.9864289566959097,16.400659924487602,17.179340075512396,55.17,3.441089943607984,54.49554637105284,55.844453628947164,0.003969219036396144,0.007902241656172964,0.0024203796717862432,0.005518058401006045
no_R,2026-W16,marketing,17.17,1.1406577050105786,16.946431089817928,17.393568910182076,55.17,3.441089943607984,54.49554637105284,55.844453628947164,0.003969219036396144,0.007902241656172964,0.0024203796717862432,0.005518058401006045
no_R,2026-W16,education,11.96,1.6243152403397563,11.64163421289341,12.278365787106592,55.17,3.441089943607984,54.49554637105284,55.844453628947164,0.003969219036396144,0.007902241656172964,0.0024203796717862432,0.005518058401006045
no_R,2026-W16,other,9.03,2.3598940654190392,8.567460763177868,9.49253923682213,55.17,3.441089943607984,54.49554637105284,55.844453628947164,0.003969219036396144,0.007902241656172964,0.0024203796717862432,0.005518058401006045
no_R,2026-W17,meme,0.1,0.3,0.04120000000000001,0.1588,54.22,3.2018119869848696,53.59244485055096,54.847555149449036,0.0018340355308316865,0.005506212385424445,0.0007548179032884953,0.0029132531583748776
no_R,2026-W17,mourning,16.3,1.7916472867168918,15.94883713180349,16.65116286819651,54.22,3.2018119869848696,53.59244485055096,54.847555149449036,0.0018340355308316865,0.005506212385424445,0.0007548179032884953,0.0029132531583748776
no_R,2026-W17,marketing,17.05,1.1258330249197703,16.829336727115727,17.270663272884274,54.22,3.2018119869848696,53.59244485055096,54.847555149449036,0.0018340355308316865,0.005506212385424445,0.0007548179032884953,0.0029132531583748776
no_R,2026-W17,education,12.12,1.52499180325666,11.821101606561694,12.418898393438305,54.22,3.2018119869848696,53.59244485055096,54.847555149449036,0.0018340355308316865,0.005506212385424445,0.0007548179032884953,0.0029132531583748776
no_R,2026-W17,other,8.65,2.6244046944021417,8.135616679897181,9.16438332010282,54.22,3.2018119869848696,53.59244485055096,54.847555149449036,0.0018340355308316865,0.005506212385424445,0.0007548179032884953,0.0029132531583748776
no_R,2026-W18,meme,0.02,0.14,-0.007440000000000002,0.04744,54.49,3.4684146234266744,53.810190733808376,55.16980926619163,0.00036411784177424694,0.002550543877536675,-0.00013578875822294132,0.0008640244417714352
no_R,2026-W18,mourning,15.66,2.2055384830013733,15.22771445733173,16.092285542668268,54.49,3.4684146234266744,53.810190733808376,55.16980926619163,0.00036411784177424694,0.002550543877536675,-0.00013578875822294132,0.0008640244417714352
no_R,2026-W18,marketing,17.18,1.1079711187571633,16.962837660723597,17.397162339276402,54.49,3.4684146234266744,53.810190733808376,55.16980926619163,0.00036411784177424694,0.002550543877536675,-0.00013578875822294132,0.0008640244417714352
no_R,2026-W18,education,12.4,1.2727922061357855,12.150532727597387,12.649467272402614,54.49,3.4684146234266744,53.810190733808376,55.16980926619163,0.00036411784177424694,0.002550543877536675,-0.00013578875822294132,0.0008640244417714352
no_R,2026-W18,other,9.23,2.4853772349484493,8.742866061950105,9.717133938049896,54.49,3.4684146234266744,53.810190733808376,55.16980926619163,0.00036411784177424694,0.002550543877536675,-0.00013578875822294132,0.0008640244417714352
no_R,2026-W19,meme,0.04,0.24166091947189144,-0.007365540216490718,0.08736554021649072,53.52,3.5957752988750564,52.81522804142049,54.22477195857952,0.0007751666323094894,0.004774304369420078,-0.0001605970240968459,0.0017109302887158245
no_R,2026-W19,mourning,15.12,2.4465485893396846,14.640476476489422,15.599523523510577,53.52,3.5957752988750564,52.81522804142049,54.22477195857952,0.0007751666323094894,0.004774304369420078,-0.0001605970240968459,0.0017109302887158245
no_R,2026-W19,marketing,17.35,0.9937303457175896,17.155228852239354,17.54477114776065,53.52,3.5957752988750564,52.81522804142049,54.22477195857952,0.0007751666323094894,0.004774304369420078,-0.0001605970240968459,0.0017109302887158245
no_R,2026-W19,education,12.1,1.5394804318340651,11.798261835360522,12.401738164639477,53.52,3.5957752988750564,52.81522804142049,54.22477195857952,0.0007751666323094894,0.004774304369420078,-0.0001605970240968459,0.0017109302887158245
no_R,2026-W19,other,8.91,2.6873592986424426,8.383277577466082,9.436722422533919,53.52,3.5957752988750564,52.81522804142049,54.22477195857952,0.0007751666323094894,0.004774304369420078,-0.0001605970240968459,0.0017109302887158245
no_R,2026-W20,meme,4.12,1.5765785740013087,3.8109905994957436,4.429009400504256,55.26,3.697620856713138,54.535266312084225,55.98473368791577,0.07415571784708493,0.0272070372162552,0.0688231385526989,0.07948829714147095
no_R,2026-W20,mourning,13.72,2.2807016464237493,13.272982477300946,14.167017522699055,55.26,3.697620856713138,54.535266312084225,55.98473368791577,0.07415571784708493,0.0272070372162552,0.0688231385526989,0.07948829714147095
no_R,2026-W20,marketing,17.51,1.0148398888494676,17.311091381785506,17.708908618214497,55.26,3.697620856713138,54.535266312084225,55.98473368791577,0.07415571784708493,0.0272070372162552,0.0688231385526989,0.07948829714147095
no_R,2026-W20,education,12.2,1.5297058540778354,11.900177652600744,12.499822347399254,55.26,3.697620856713138,54.535266312084225,55.98473368791577,0.07415571784708493,0.0272070372162552,0.0688231385526989,0.07948829714147095
no_R,2026-W20,other,7.71,2.95057621491125,7.131687061877395,8.288312938122605,55.26,3.697620856713138,54.535266312084225,55.98473368791577,0.07415571784708493,0.0272070372162552,0.0688231385526989,0.07948829714147095
no_R,2026-W21,meme,13.28,1.96,12.89584,13.664159999999999,60.41,3.7949835309260567,59.66618322793849,61.153816772061504,0.21962408509107165,0.028560706556645124,0.2140261866059692,0.2252219835761741
no_R,2026-W21,mourning,12.62,2.4810481655945336,12.13371455954347,13.106285440456528,60.41,3.7949835309260567,59.66618322793849,61.153816772061504,0.21962408509107165,0.028560706556645124,0.2140261866059692,0.2252219835761741
no_R,2026-W21,marketing,17.11,1.076057619275102,16.899092706622078,17.32090729337792,60.41,3.7949835309260567,59.66618322793849,61.153816772061504,0.21962408509107165,0.028560706556645124,0.2140261866059692,0.2252219835761741
no_R,2026-W21,education,11.82,1.5451860729374958,11.517143529704251,12.12285647029575,60.41,3.7949835309260567,59.66618322793849,61.153816772061504,0.21962408509107165,0.028560706556645124,0.2140261866059692,0.2252219835761741
no_R,2026-W21,other,5.58,2.51865043227519,5.086344515274063,6.073655484725937,60.41,3.7949835309260567,59.66618322793849,61.153816772061504,0.21962408509107165,0.028560706556645124,0.2140261866059692,0.2252219835761741
no_R,2026-W22,meme,18.05,0.9526279441628825,17.863284922944075,18.236715077055926,60.32,4.074015218430093,59.5214930171877,61.1185069828123,0.30027740781226425,0.021866275055302073,0.29599161790142503,0.3045631977231035
no_R,2026-W22,mourning,11.65,2.8857408061016154,11.084394802004084,12.215605197995917,60.32,4.074015218430093,59.5214930171877,61.1185069828123,0.30027740781226425,0.021866275055302073,0.29599161790142503,0.3045631977231035
no_R,2026-W22,marketing,16.62,1.0934349546269315,16.40568674889312,16.83431325110688,60.32,4.074015218430093,59.5214930171877,61.1185069828123,0.30027740781226425,0.021866275055302073,0.29599161790142503,0.3045631977231035
no_R,2026-W22,education,10.78,1.6827358675680506,10.450183769956661,11.109816230043338,60.32,4.074015218430093,59.5214930171877,61.1185069828123,0.30027740781226425,0.021866275055302073,0.29599161790142503,0.3045631977231035
no_R,2026-W22,other,3.22,2.0716177253537875,2.813962925830658,3.6260370741693424,60.32,4.074015218430093,59.5214930171877,61.1185069828123,0.30027740781226425,0.021866275055302073,0.29599161790142503,0.3045631977231035
